Eval,CV,Kliep,MKliep,KernelDensity,MKernelDensity
1.02156291413375,0.507757865771302,nan,0.4907979621912007,0.6001020485545221,0.5020514367499541
