Eval,CV,Kliep,MKliep,KernelDensity,MKernelDensity
0.817646535375486,0.507757865771302,nan,0.5222229191999181,0.5710546102176572,0.5204563473305045
