Eval,CV,Kliep,MKliep,KernelDensity,MKernelDensity
1.538584300396725,0.507757865771302,nan,0.48312893926270056,0.7006734110445212,0.5011672820343793
