Eval,CV,Kliep,MKliep,KernelDensity,MKernelDensity
1.304875122061251,0.507757865771302,nan,0.5167990148133467,0.7832112300419317,0.52295904958204
