Eval,CV,Kliep,MKliep,KernelDensity,MKernelDensity
1.0892037393868799,0.507757865771302,nan,0.5159820391188679,0.7827317085764733,0.5192340862537788
