Eval,CV,Kliep,MKliep,KernelDensity,MKernelDensity
0.7479360345824474,0.507757865771302,nan,0.5255774523977907,0.6448947115175516,0.5224751153298626
