Eval,CV,Kliep,MKliep,KernelDensity,MKernelDensity
1.2490157354039702,0.507757865771302,nan,0.47456648630107673,0.5800166050116062,0.49845770100671927
