Eval,CV,Kliep,MKliep,KernelDensity,MKernelDensity
0.9497298148050254,0.507757865771302,nan,0.49115335479119193,0.5501854801417766,0.5039304486392174
