Eval,CV,Kliep,MKliep,KernelDensity,MKernelDensity
0.6714022319817284,0.507757865771302,nan,0.4849480424236322,0.4944834859104342,0.4992438445318547
