Eval,CV,Kliep,MKliep,KernelDensity,MKernelDensity
1.115150965714565,0.507757865771302,nan,0.5007602614622022,0.7456643933475966,0.5149640451301807
