Eval,CV,Kliep,MKliep,KernelDensity,MKernelDensity
0.8243893172648372,0.507757865771302,nan,0.4946432382348668,0.4745970355368741,0.5004356375455514
