Eval,CV,Kliep,MKliep,KernelDensity,MKernelDensity
1.142725695768399,0.507757865771302,nan,0.49392481979606134,0.4867161818719821,0.5054110271039195
