Eval,CV,Kliep,MKliep,KernelDensity,MKernelDensity
0.7116275653247043,0.507757865771302,nan,0.48203369161938936,0.4673988604079784,0.4943782988816357
