Eval,CV,Kliep,MKliep,KernelDensity,MKernelDensity
0.7498981175174274,0.507757865771302,nan,0.48897985100886754,0.5442185185096465,0.5007766746957459
