Eval,CV,Kliep,MKliep,KernelDensity,MKernelDensity
0.8740019086793526,0.507757865771302,nan,0.5246547244623412,0.6463342001655314,0.5203272436321321
