Eval,CV,Kliep,MKliep,KernelDensity,MKernelDensity
1.0696004934820724,0.507757865771302,nan,0.49506216277381837,0.6099707238608015,0.5087050720534044
