Eval,CV,Kliep,MKliep,KernelDensity,MKernelDensity
0.9937804914302089,0.507757865771302,nan,0.5336395872625421,0.6464607104807386,0.5255593400686852
