Eval,CV,Kliep,MKliep,KernelDensity,MKernelDensity
0.6522344780675817,0.507757865771302,nan,0.49432101361260883,0.462425196775522,0.5005004089663192
