Eval,CV,Kliep,MKliep,KernelDensity,MKernelDensity
0.7198856924097891,0.507757865771302,0.5062890421061202,0.46760271921662966,0.4246030578691855,0.49069149506579846
