Eval,CV,Kliep,MKliep,KernelDensity,MKernelDensity
1.0991626440497007,0.507757865771302,nan,0.4816895699048569,0.5316322989733039,0.49884207976158296
