Eval,CV,Kliep,MKliep,KernelDensity,MKernelDensity
1476.6211862763653,1131.316663753603,1183.90721375021,nan,1194.948727007885,1091.1315197512154
