Eval,CV,Kliep,MKliep,KernelDensity,MKernelDensity
1695.26777633181,1131.316663753603,1184.9696443062728,nan,1054.9502392944096,859.0771024320342
