Eval,CV,Kliep,MKliep,KernelDensity,MKernelDensity
1469.1426709029843,1131.316663753603,1245.596648131602,nan,1333.3078890787838,886.26142004062
