Eval,CV,Kliep,MKliep,KernelDensity,MKernelDensity
883.7284402358983,1131.316663753603,1054.8844651000263,nan,952.1087769845035,1106.8380755871428
