Eval,CV,Kliep,MKliep,KernelDensity,MKernelDensity
1343.0300065857566,1131.316663753603,1100.8414593197344,nan,1061.9372961217157,1001.179242667208
