Eval,CV,Kliep,MKliep,KernelDensity,MKernelDensity
1054.274324691102,1131.316663753603,1068.3907908198328,nan,951.951865337512,969.2363096455811
