Eval,CV,Kliep,MKliep,KernelDensity,MKernelDensity
2018.7387756169314,1131.316663753603,1153.1412475283148,nan,1185.534000124978,937.1829778912505
