Eval,CV,Kliep,MKliep,KernelDensity,MKernelDensity
1702.160336980282,1131.316663753603,1236.585820694893,nan,1403.541885548943,1171.526505725817
