Eval,CV,Kliep,MKliep,KernelDensity,MKernelDensity
1410.4697056938758,1131.316663753603,1152.5347232438112,nan,1148.9909916129077,891.0662217989253
