Eval,CV,Kliep,MKliep,KernelDensity,MKernelDensity
2009.4944095899355,1131.316663753603,1279.572368270589,nan,1497.1293949520177,1065.216119032106
