Eval,CV,Kliep,MKliep,KernelDensity,MKernelDensity
1969.5471437465676,1131.316663753603,1266.177957722343,nan,1496.3874879516266,1047.0371881131941
