Eval,CV,Kliep,MKliep,KernelDensity,MKernelDensity
1435.278764075163,1131.316663753603,1193.8272516124803,nan,1199.841743939268,1034.3782956757725
