Eval,CV,Kliep,MKliep,KernelDensity,MKernelDensity
1286.1114129074276,1131.316663753603,1156.7477484263738,nan,947.772537369822,957.0183435657042
