Eval,CV,Kliep,MKliep,KernelDensity,MKernelDensity
1631.8160136587878,1131.316663753603,1210.9890846848966,nan,1329.382291095868,1077.9520869690928
