Eval,CV,Kliep,MKliep,KernelDensity,MKernelDensity
807.7271274689343,1131.316663753603,1029.325970133216,nan,821.6667556945522,844.7099747868559
