Eval,CV,Kliep,MKliep,KernelDensity,MKernelDensity
867.1422470715491,1131.316663753603,958.0638472805562,nan,794.2557147657072,934.6450858404745
