Eval,CV,Kliep,MKliep,KernelDensity,MKernelDensity
1412.0271790303532,1131.316663753603,1149.5885838519553,nan,1300.1016149880404,1091.1750511758457
