Eval,CV,Kliep,MKliep,KernelDensity,MKernelDensity
1651.5904316120932,1131.316663753603,1204.1546915166396,nan,1293.8500254843223,1108.2627278049124
