Eval,CV,Kliep,MKliep,KernelDensity,MKernelDensity
1264.5636605953125,1131.316663753603,1089.491850835258,nan,965.4985316004897,978.4326205728971
