Eval,CV,Kliep,MKliep,KernelDensity,MKernelDensity
1966.4854699403716,1131.316663753603,1216.7581462496844,nan,1500.5711847998325,1018.6593289830714
