Eval,CV,Kliep,MKliep,KernelDensity,MKernelDensity
1.371411534741401,0.5037560990604262,nan,0.4254499626222488,0.6117112693402748,0.47402075194643406
