Eval,CV,Kliep,MKliep,KernelDensity,MKernelDensity
1.0181389834508217,0.5037560990604262,nan,0.46283251819654564,0.6301038152907769,0.49546792253405486
