Eval,CV,Kliep,MKliep,KernelDensity,MKernelDensity
1.1683586501695407,0.5037560990604262,nan,0.45770143479321346,0.6516466779793008,0.4903935065294975
