Eval,CV,Kliep,MKliep,KernelDensity,MKernelDensity
0.7392836296604375,0.5037560990604262,nan,0.4684888557611895,0.4958914173542029,0.48650813986251307
