Eval,CV,Kliep,MKliep,KernelDensity,MKernelDensity
0.9736800502270221,0.5037560990604262,nan,0.4481137660508041,0.4301109689861613,0.48226136040819534
