Eval,CV,Kliep,MKliep,KernelDensity,MKernelDensity
1.1112429431018107,0.5037560990604262,nan,0.4832387133518963,0.7350530262052685,0.4973881823358887
