Eval,CV,Kliep,MKliep,KernelDensity,MKernelDensity
1.0472631230994904,0.5037560990604262,0.525366104635777,0.5033170778537822,0.5899194694786706,0.4986260731325313
