Eval,CV,Kliep,MKliep,KernelDensity,MKernelDensity
1.046883770107471,0.5037560990604262,nan,0.48023190414760036,0.6457880622512179,0.5047112292217796
