Eval,CV,Kliep,MKliep,KernelDensity,MKernelDensity
1.0200648304288549,0.5037560990604262,nan,0.5093753160986303,0.7445032111508337,0.5224198980276991
