Eval,CV,Kliep,MKliep,KernelDensity,MKernelDensity
0.9725362570611704,0.5037560990604262,0.4769443121408502,0.4922086861770125,0.518018411096252,0.4930225816532672
