Eval,CV,Kliep,MKliep,KernelDensity,MKernelDensity
1.2096708059291268,0.5037560990604262,nan,0.4655749551082721,0.5480747163445148,0.4891716047419311
