Eval,CV,Kliep,MKliep,KernelDensity,MKernelDensity
1.000844675234413,0.5037560990604262,nan,0.4816032521084525,0.5013182375978152,0.49056364232663463
