Eval,CV,Kliep,MKliep,KernelDensity,MKernelDensity
1.3342702438556475,0.5037560990604262,0.515999634699758,0.48573156506357745,0.6910007076777966,0.489621758420158
