Eval,CV,Kliep,MKliep,KernelDensity,MKernelDensity
1.0978714285757687,0.5037560990604262,nan,0.4502475948151614,0.5857414985805787,0.48756231665523136
