Eval,CV,Kliep,MKliep,KernelDensity,MKernelDensity
0.8139576619943675,0.5037560990604262,nan,0.46779709156082705,0.553013768484805,0.4968456034239841
