Eval,CV,Kliep,MKliep,KernelDensity,MKernelDensity
0.9369637527065574,0.5037560990604262,nan,0.5239216062999262,0.8960276697009736,0.5301273379250452
