Eval,CV,Kliep,MKliep,KernelDensity,MKernelDensity
0.9297671208248929,0.5037560990604262,nan,0.46062272336861926,0.428170078284489,0.4830969085279626
