Eval,CV,Kliep,MKliep,KernelDensity,MKernelDensity
0.9531758960664092,0.5037560990604262,nan,0.4555663280985742,0.5327897161895591,0.486654224893881
