Eval,CV,Kliep,MKliep,KernelDensity,MKernelDensity
1.150749534657952,0.5037560990604262,nan,0.4697381554260025,0.6697235760972645,0.4939046682498079
