Eval,CV,Kliep,MKliep,KernelDensity,MKernelDensity
0.9035524940432375,0.5037560990604262,nan,0.4494451546853479,0.4601910568665176,0.4831947034331248
