Eval,CV,Kliep,MKliep,KernelDensity,MKernelDensity
0.6078028747433265,0.5730223123732252,0.6498550102402464,0.5725270375653867,0.8749999999999922,0.5714611472322924
