Eval,CV,Kliep,MKliep,KernelDensity,MKernelDensity
0.6714579055441479,0.5730223123732252,0.7408369111185458,0.6266270525447711,0.8278688524590133,0.6291793367218483
