Eval,CV,Kliep,MKliep,KernelDensity,MKernelDensity
0.9034907597535934,0.5730223123732252,0.7005752735489117,0.6549678873184908,0.8690476190476171,0.6560017885698092
