Eval,CV,Kliep,MKliep,KernelDensity,MKernelDensity
0.5749486652977412,0.5730223123732252,0.6813695326587903,0.5883609493965528,0.7622950819672111,0.5891121474743358
