Eval,CV,Kliep,MKliep,KernelDensity,MKernelDensity
0.49691991786447637,0.5730223123732252,0.6986931042322149,0.5857451981429068,0.8145161290322536,0.5890196751311458
