Eval,CV,Kliep,MKliep,KernelDensity,MKernelDensity
0.648870636550308,0.5730223123732252,0.68785283935246,0.6071084590468225,0.77272727272727,0.6088683813246835
