Eval,CV,Kliep,MKliep,KernelDensity,MKernelDensity
0.9507186858316222,0.5730223123732252,0.7208412855680717,0.6563202673375842,0.8950617283950574,0.6556505174614072
