Eval,CV,Kliep,MKliep,KernelDensity,MKernelDensity
0.75564681724846,0.5730223123732252,0.6370697143426909,0.5780867904365294,0.7399999999999946,0.5765839133932762
