Eval,CV,Kliep,MKliep,KernelDensity,MKernelDensity
0.29568788501026694,0.5730223123732252,0.6731273540302165,0.5344607391978856,0.7564102564102534,0.5455401196759573
