Eval,CV,Kliep,MKliep,KernelDensity,MKernelDensity
0.9404517453798767,0.5730223123732252,0.740611376560117,0.6573887167267067,0.8928571428571385,0.6596529584532429
