Eval,CV,Kliep,MKliep,KernelDensity,MKernelDensity
0.8562628336755647,0.5730223123732252,0.6700155988434361,0.5877008065479304,0.7111111111111028,0.5843198697794187
