Eval,CV,Kliep,MKliep,KernelDensity,MKernelDensity
0.6837782340862423,0.5730223123732252,0.6969402835695813,0.5982495952669368,0.7982456140350822,0.6021616079566255
