Eval,CV,Kliep,MKliep,KernelDensity,MKernelDensity
0.944558521560575,0.5730223123732252,0.7041130393617797,0.6323526212057212,0.8389830508474514,0.6290505539105485
