Eval,CV,Kliep,MKliep,KernelDensity,MKernelDensity
0.9794661190965093,0.5730223123732252,0.6994685709971252,0.6220581162885077,0.895522388059696,0.6203492728021178
