Eval,CV,Kliep,MKliep,KernelDensity,MKernelDensity
0.351129363449692,0.5730223123732252,0.626691975280802,0.5508522082042221,0.6818181818181804,0.5555895780493946
