Eval,CV,Kliep,MKliep,KernelDensity,MKernelDensity
0.839835728952772,0.5730223123732252,0.6711095401191699,0.5978139585042491,0.9272727272727165,0.5949034222293
