Eval,CV,Kliep,MKliep,KernelDensity,MKernelDensity
0.6776180698151951,0.5730223123732252,0.6900765099800299,0.6164739992555611,0.8225806451612854,0.6174445806063886
