Eval,CV,Kliep,MKliep,KernelDensity,MKernelDensity
0.971252566735113,0.5730223123732252,0.6646396526987499,0.614892106163975,0.819672131147534,0.6117768763717533
