Eval,CV,Kliep,MKliep,KernelDensity,MKernelDensity
0.8788501026694046,0.5730223123732252,0.7006854600533546,0.6378557323421357,0.8249999999999958,0.6373325029402943
