Eval,CV,Kliep,MKliep,KernelDensity,MKernelDensity
0.839835728952772,0.5730223123732252,0.7035871781080523,0.6485776510907886,0.8636363636363619,0.647429389293924
