Eval,CV,Kliep,MKliep,KernelDensity,MKernelDensity
0.9503523494079892,0.5870330818772643,nan,0.5494760236956224,0.9012674619134056,0.5887874873590664
