Eval,CV,Kliep,MKliep,KernelDensity,MKernelDensity
0.8689155198314754,0.5870330818772643,nan,0.5833940453543323,0.9218732679066209,0.5877897724523634
