Eval,CV,Kliep,MKliep,KernelDensity,MKernelDensity
1800.1154364647343,1505.4769874769163,1549.5585184989316,nan,1642.7532767419113,1461.7381284305293
