Eval,CV,Kliep,MKliep,KernelDensity,MKernelDensity
1538.329157811406,1505.4769874769163,1459.409342237512,nan,1645.6153591399852,1595.523476506629
