Eval,CV,Kliep,MKliep,KernelDensity,MKernelDensity
2216.7456014220693,1505.4769874769163,1495.6571776771186,nan,1950.6216905088586,2182.4271887289437
