Eval,CV,Kliep,MKliep,KernelDensity,MKernelDensity
1843.0178857056621,1505.4769874769163,1534.8109149145537,nan,1752.8719887151622,1987.9991848396703
