Eval,CV,Kliep,MKliep,KernelDensity,MKernelDensity
1325.636057310236,1505.4769874769163,1384.353129705995,nan,1372.5648121657782,1809.5789434076905
