Eval,CV,Kliep,MKliep,KernelDensity,MKernelDensity
2042.0176226364465,1505.4769874769163,1551.4271412532933,nan,1799.451774698176,1770.536953657008
