Eval,CV,Kliep,MKliep,KernelDensity,MKernelDensity
1734.0400224008426,1505.4769874769163,1500.7507329947587,nan,1477.4486551698371,1628.425218242818
