Eval,CV,Kliep,MKliep,KernelDensity,MKernelDensity
1209.4303200550187,1505.4769874769163,1322.100485168692,nan,1387.2577998097277,1775.2441207948552
