Eval,CV,Kliep,MKliep,KernelDensity,MKernelDensity
1458.7854398983031,1505.4769874769163,1394.3280967764817,nan,1543.0756779241278,1623.1236262550312
