Eval,CV,Kliep,MKliep,KernelDensity,MKernelDensity
1905.864458123517,1505.4769874769163,1536.5450408002775,nan,1676.1320265006723,1525.2518478159475
