Eval,CV,Kliep,MKliep,KernelDensity,MKernelDensity
2212.4481531707247,1505.4769874769163,1605.7538752105531,nan,2005.4188219115913,1701.0198243959358
