Eval,CV,Kliep,MKliep,KernelDensity,MKernelDensity
1914.6363786953623,1505.4769874769163,1522.5622606716083,nan,1810.1077448169392,1625.7295399587865
