Eval,CV,Kliep,MKliep,KernelDensity,MKernelDensity
1638.11982214929,1505.4769874769163,1472.572869405078,nan,1559.8459615246875,1825.4556928393647
