Eval,CV,Kliep,MKliep,KernelDensity,MKernelDensity
2060.7736415711533,1505.4769874769163,1593.5296988644145,nan,1929.9584557289847,2010.513651679706
