Eval,CV,Kliep,MKliep,KernelDensity,MKernelDensity
1558.2653535825652,1505.4769874769163,1426.1158650181433,nan,1419.4773359860362,1834.0075694857583
