Eval,CV,Kliep,MKliep,KernelDensity,MKernelDensity
1558.1208778628795,1505.4769874769163,1412.7295125700314,nan,1586.4007751931272,1531.824340196353
