Eval,CV,Kliep,MKliep,KernelDensity,MKernelDensity
2342.7638107325743,1505.4769874769163,1640.6582856315301,nan,2133.2136715989604,1717.7307602612832
