Eval,CV,Kliep,MKliep,KernelDensity,MKernelDensity
1286.0069472568753,1505.4769874769163,1449.8610570840615,nan,1416.639193962073,1529.4801017033237
