Eval,CV,Kliep,MKliep,KernelDensity,MKernelDensity
2081.1507147495304,1505.4769874769163,1607.218618950762,nan,1809.9201846900062,1811.4146722302924
