Eval,CV,Kliep,MKliep,KernelDensity,MKernelDensity
1735.810072707385,1505.4769874769163,1526.5697895037076,nan,1551.819041350768,1706.4870623578029
