Eval,CV,Kliep,MKliep,KernelDensity,MKernelDensity
0.5852156057494866,0.5730223123732252,0.6766940290233199,0.5553529859412373,0.6719576719576705,0.5539062589565247
