Eval,CV,Kliep,MKliep,KernelDensity,MKernelDensity
0.3757700205338809,0.5730223123732252,0.6634201604216831,0.5369887682058904,0.7481481481481435,0.5371718379104221
