Eval,CV,Kliep,MKliep,KernelDensity,MKernelDensity
0.7392197125256673,0.5730223123732252,0.6710568356598141,0.5841317012471208,0.7020202020201991,0.5788166157814608
