Eval,CV,Kliep,MKliep,KernelDensity,MKernelDensity
0.7597535934291582,0.5730223123732252,0.6655247980323505,0.5785291932612932,0.6729559748427653,0.5764497628448455
