Eval,CV,Kliep,MKliep,KernelDensity,MKernelDensity
0.49075975359342916,0.5730223123732252,0.6619278925640593,0.5685883187409482,0.6612903225806424,0.5677570930868202
