Eval,CV,Kliep,MKliep,KernelDensity,MKernelDensity
0.6858316221765913,0.5730223123732252,0.6818910613062226,0.5669369432150335,0.5833333333333344,0.5662920209469654
