Eval,CV,Kliep,MKliep,KernelDensity,MKernelDensity
0.9691991786447639,0.5730223123732252,0.7164059680531134,0.6382830298741277,0.7429718875501983,0.6362017061117885
