Eval,CV,Kliep,MKliep,KernelDensity,MKernelDensity
0.944558521560575,0.5730223123732252,0.7194447296565957,0.6310283705483184,0.7956349206349175,0.6224217704944454
