Eval,CV,Kliep,MKliep,KernelDensity,MKernelDensity
1.0,0.5730223123732252,0.7004095180868698,0.6024542655395948,0.6666666666666684,0.5976995867948927
