Eval,CV,Kliep,MKliep,KernelDensity,MKernelDensity
0.7659137577002053,0.5730223123732252,0.6757661115309409,0.6037863538163168,0.707070707070705,0.5968780842607462
