Eval,CV,Kliep,MKliep,KernelDensity,MKernelDensity
0.9630390143737166,0.5730223123732252,0.7047343820396474,0.632440512642785,0.7766666666666636,0.6303130789663163
