Eval,CV,Kliep,MKliep,KernelDensity,MKernelDensity
0.12114989733059549,0.5730223123732252,0.616561024221838,0.4968793923621949,0.4843750000000011,0.5025851884613296
