Eval,CV,Kliep,MKliep,KernelDensity,MKernelDensity
0.5749486652977412,0.5730223123732252,0.6872411570028103,0.5923325467843762,0.7294685990338127,0.585556356814026
