Eval,CV,Kliep,MKliep,KernelDensity,MKernelDensity
0.5051334702258727,0.5730223123732252,0.6668760758623713,0.5487723446699767,0.683673469387753,0.5487686848327151
