Eval,CV,Kliep,MKliep,KernelDensity,MKernelDensity
0.9630390143737166,0.5730223123732252,0.7145853410981948,0.638303648114027,0.8409090909090892,0.6354118968923109
