Eval,CV,Kliep,MKliep,KernelDensity,MKernelDensity
0.9158110882956879,0.5730223123732252,0.7175669356000177,0.6326937635936248,0.8498168498168495,0.630525728129948
