Eval,CV,Kliep,MKliep,KernelDensity,MKernelDensity
0.9342915811088296,0.5730223123732252,0.7058668031190524,0.6265325590932366,0.7362869198312216,0.6187085299685544
