Eval,CV,Kliep,MKliep,KernelDensity,MKernelDensity
0.6201232032854209,0.5730223123732252,0.7046997898760203,0.5718084812820686,0.6820175438596445,0.5710786444558452
