Eval,CV,Kliep,MKliep,KernelDensity,MKernelDensity
0.784394250513347,0.5730223123732252,0.6781641423393135,0.5840750707243837,0.6822916666666664,0.5810690948465136
