Eval,CV,Kliep,MKliep,KernelDensity,MKernelDensity
0.86652977412731,0.5730223123732252,0.7113584781748582,0.6350572187194158,0.7542955326460447,0.6136109129659848
