Eval,CV,Kliep,MKliep,KernelDensity,MKernelDensity
0.43121149897330596,0.5730223123732252,0.6504418918464691,0.5213812936733841,0.6326530612244866,0.5473386893984277
