Eval,CV,Kliep,MKliep,KernelDensity,MKernelDensity
0.32238193018480493,0.5730223123732252,0.650767699929412,0.49447589952109944,0.7045454545454499,0.5218228167934823
