Eval,CV,Kliep,MKliep,KernelDensity,MKernelDensity
0.9342915811088296,0.5730223123732252,0.7135963422330385,0.6227006580027399,0.7814207650273194,0.6223797640334385
