Eval,CV,Kliep,MKliep,KernelDensity,MKernelDensity
0.19096509240246407,0.5730223123732252,0.6245530029605229,0.5002496805511816,0.7096774193548291,0.5044042480574348
