Eval,CV,Kliep,MKliep,KernelDensity,MKernelDensity
0.5071868583162218,0.5730223123732252,0.6756754685941664,0.5595700489174009,0.8611111111111025,0.5611072446835699
