Eval,CV,Kliep,MKliep,KernelDensity,MKernelDensity
0.49691991786447637,0.5730223123732252,0.6700967727088232,0.5565158885831566,0.7820512820512737,0.5575078831729314
