Eval,CV,Kliep,MKliep,KernelDensity,MKernelDensity
0.6837782340862423,0.5730223123732252,0.6776647784189902,0.5559577301638841,0.7182539682539628,0.5566322826045845
