Eval,CV,Kliep,MKliep,KernelDensity,MKernelDensity
0.22587268993839835,0.5730223123732252,0.6406164663747371,0.5112055347809012,0.784090909090904,0.514309247932052
