Eval,CV,Kliep,MKliep,KernelDensity,MKernelDensity
0.6098562628336756,0.5730223123732252,0.682421944759725,0.5825880165173922,0.7838541666666612,0.5828588827329393
