Eval,CV,Kliep,MKliep,KernelDensity,MKernelDensity
0.7145790554414785,0.5730223123732252,0.6993904853706211,0.5760481540704607,0.782945736434099,0.5804174845866099
