Eval,CV,Kliep,MKliep,KernelDensity,MKernelDensity
0.33059548254620125,0.5730223123732252,0.6289972667464099,0.5195859449771002,0.7638888888888845,0.5357714488927368
