Eval,CV,Kliep,MKliep,KernelDensity,MKernelDensity
0.33675564681724846,0.5730223123732252,0.6452497192045115,0.5163074587741575,0.654166666666663,0.5187478773569099
