Eval,CV,Kliep,MKliep,KernelDensity,MKernelDensity
0.19507186858316222,0.5730223123732252,0.672526124174519,0.4702194958875343,0.790697674418596,0.5113122604080584
