Eval,CV,Kliep,MKliep,KernelDensity,MKernelDensity
0.9404517453798767,0.5730223123732252,0.7208525416348953,0.6244326662717435,0.9071428571428538,0.6223970577310779
