Eval,CV,Kliep,MKliep,KernelDensity,MKernelDensity
0.9527720739219713,0.5730223123732252,0.6980234251241753,0.6275445570248622,0.830188679245276,0.6257902038301427
