Eval,CV,Kliep,MKliep,KernelDensity,MKernelDensity
0.15605749486652978,0.5730223123732252,0.6187687989544058,0.4755846108836475,0.7021276595744643,0.5168958883877768
