Eval,CV,Kliep,MKliep,KernelDensity,MKernelDensity
0.29568788501026694,0.5730223123732252,0.6563454604747379,0.5202204203401909,0.7999999999999916,0.5245021875939071
