Eval,CV,Kliep,MKliep,KernelDensity,MKernelDensity
0.7371663244353183,0.5730223123732252,0.7016257233083933,0.6208591689264769,0.8913043478260807,0.6184374378484666
