Eval,CV,Kliep,MKliep,KernelDensity,MKernelDensity
0.839835728952772,0.5730223123732252,0.7234208512771653,0.6146178438526938,0.8880597014925329,0.6140295071216725
