Eval,CV,Kliep,MKliep,KernelDensity,MKernelDensity
0.86652977412731,0.5730223123732252,0.7040762440086568,0.6070022432008837,0.8944444444444368,0.6076510581144025
