Eval,CV,Kliep,MKliep,KernelDensity,MKernelDensity
0.30337078651685395,0.1348314606741573,0.21265648596000647,0.15702704098621542,0.2841269841269841,0.1526118491687017
