Eval,CV,Kliep,MKliep,KernelDensity,MKernelDensity
0.33707865168539325,0.1348314606741573,0.20506083718502677,0.2076921921918054,0.26216216216216215,0.19783880337092025
