Eval,CV,Kliep,MKliep,KernelDensity,MKernelDensity
0.5617977528089888,0.1348314606741573,0.21357555701859968,0.21380629132206172,0.27373737373737367,0.2060420816061936
