Eval,CV,Kliep,MKliep,KernelDensity,MKernelDensity
0.4606741573033708,0.1348314606741573,0.2040512363856832,0.2183352818640155,0.18771929824561395,0.20366442739400295
