Eval,CV,Kliep,MKliep,KernelDensity,MKernelDensity
0.20224719101123595,0.1348314606741573,0.19102904479016078,0.14080981173204615,0.19999999999999993,0.13492318446298468
