Eval,CV,Kliep,MKliep,KernelDensity,MKernelDensity
0.4943820224719101,0.1348314606741573,0.21313608651779734,0.24879183397088386,0.2093023255813952,0.2238840224542548
