Eval,CV,Kliep,MKliep,KernelDensity,MKernelDensity
0.2808988764044944,0.1348314606741573,0.18094919032288267,0.1724653244707211,0.17283950617283952,0.16369576384514353
