Eval,CV,Kliep,MKliep,KernelDensity,MKernelDensity
0.3595505617977528,0.1348314606741573,0.19867967506983011,0.19791316124344466,0.23000000000000004,0.18948882571368406
