Eval,CV,Kliep,MKliep,KernelDensity,MKernelDensity
0.24719101123595505,0.1348314606741573,0.1845353390065665,0.1740537999960534,0.3055555555555553,0.1720072889094302
