Eval,CV,Kliep,MKliep,KernelDensity,MKernelDensity
0.19101123595505617,0.1348314606741573,0.18832740044320187,0.1415301482254121,0.23809523809523797,0.13431359715598837
