Eval,CV,Kliep,MKliep,KernelDensity,MKernelDensity
0.39325842696629215,0.1348314606741573,0.20281271216879304,0.20413472759338153,0.1870967741935484,0.1950618144681795
