Eval,CV,Kliep,MKliep,KernelDensity,MKernelDensity
0.42696629213483145,0.1348314606741573,0.20368760154281698,0.21121906227161805,0.19595959595959594,0.20263367049618
