Eval,CV,Kliep,MKliep,KernelDensity,MKernelDensity
0.2696629213483146,0.1348314606741573,0.19179386573022936,0.19412945426331538,0.2428571428571428,0.1847633270501816
