Eval,CV,Kliep,MKliep,KernelDensity,MKernelDensity
0.4943820224719101,0.1348314606741573,0.2102630739460089,0.22609844942944698,0.1870967741935484,0.20264994677675746
