Eval,CV,Kliep,MKliep,KernelDensity,MKernelDensity
0.5056179775280899,0.1348314606741573,0.21218300850457422,0.24452459755740946,0.1999999999999999,0.22451102129642436
