Eval,CV,Kliep,MKliep,KernelDensity,MKernelDensity
0.2808988764044944,0.1348314606741573,0.18073521592170877,0.18237510997073195,0.22380952380952376,0.18062928402530176
