Eval,CV,Kliep,MKliep,KernelDensity,MKernelDensity
0.21348314606741572,0.1348314606741573,0.19433407074009762,0.17711421094567026,0.24444444444444438,0.16741949460581682
