Eval,CV,Kliep,MKliep,KernelDensity,MKernelDensity
0.2696629213483146,0.1348314606741573,0.18451263583115288,0.18062375488057705,0.20724637681159416,0.17398741830705322
