Eval,CV,Kliep,MKliep,KernelDensity,MKernelDensity
0.43820224719101125,0.1348314606741573,0.21121229271138212,0.1991997042743498,0.211764705882353,0.19383088504305365
