Eval,CV,Kliep,MKliep,KernelDensity,MKernelDensity
0.25842696629213485,0.1348314606741573,0.2147897771038421,0.16495093114746465,0.2644444444444444,0.16953045155195912
