Eval,CV,Kliep,MKliep,KernelDensity,MKernelDensity
1.0533442049633432,0.5058887905959814,nan,0.4733018949749661,0.565571800976735,0.4987613576230671
