Eval,CV,Kliep,MKliep,KernelDensity,MKernelDensity
1.2046028307626433,0.5058887905959814,nan,0.46873294579997915,0.7446416174046664,0.5108897642902065
