Eval,CV,Kliep,MKliep,KernelDensity,MKernelDensity
1.3513919234703102,0.5058887905959814,nan,0.46149453589775397,0.6976277332772386,0.5027122550833036
