Eval,CV,Kliep,MKliep,KernelDensity,MKernelDensity
1.0668257893565103,0.5058887905959814,nan,0.49254669353260283,0.7248502036300994,0.528254822539307
