Eval,CV,Kliep,MKliep,KernelDensity,MKernelDensity
1.3269453914552696,0.5058887905959814,nan,0.4147655968772163,0.6600238788869052,0.48815614580070954
