Eval,CV,Kliep,MKliep,KernelDensity,MKernelDensity
0.5275887536401606,0.5058887905959814,nan,0.5087025132935806,0.5187888884040799,0.5096737903603512
