Eval,CV,Kliep,MKliep,KernelDensity,MKernelDensity
0.8529242085612946,0.5058887905959814,nan,0.5010406035920708,0.5126016309049024,0.5129282260795197
