Eval,CV,Kliep,MKliep,KernelDensity,MKernelDensity
1.0246996927547531,0.5058887905959814,nan,0.4716837087671848,0.5280392252777738,0.4898529392727
