Eval,CV,Kliep,MKliep,KernelDensity,MKernelDensity
0.9297161178119447,0.5058887905959814,nan,0.4900071895173807,0.5391522568831253,0.504719401628971
