Eval,CV,Kliep,MKliep,KernelDensity,MKernelDensity
1.2341883946175471,0.5058887905959814,nan,0.45869894606908473,0.6110431404471566,0.5069674168216713
