Eval,CV,Kliep,MKliep,KernelDensity,MKernelDensity
1.3005164611059634,0.5058887905959814,0.6059947359538301,0.46358989737068734,0.6960631799792446,0.5032707953803726
