Eval,CV,Kliep,MKliep,KernelDensity,MKernelDensity
0.9102034986332446,0.5058887905959814,nan,0.45836383346797116,0.436426993225295,0.4946129648873264
