Eval,CV,Kliep,MKliep,KernelDensity,MKernelDensity
1.2136511387177553,0.5058887905959814,0.5984761932447435,0.44928380137708507,0.5638927366221728,0.4943910337325829
