Eval,CV,Kliep,MKliep,KernelDensity,MKernelDensity
0.663927660398018,0.5058887905959814,0.6265278555264274,0.4758813360084528,0.4471996229388557,0.48381377615503535
