Eval,CV,Kliep,MKliep,KernelDensity,MKernelDensity
0.9762180939121256,0.5058887905959814,0.6374650318519065,0.42935801454123135,0.3726577177983279,0.4814067371577299
