Eval,CV,Kliep,MKliep,KernelDensity,MKernelDensity
0.8015175539898247,0.5058887905959814,nan,0.475101626919613,0.47392018780370315,0.5037463571921194
