Eval,CV,Kliep,MKliep,KernelDensity,MKernelDensity
0.7576263930106019,0.5058887905959814,nan,0.4416385880210716,0.47690460926452516,0.4888847553373354
