Eval,CV,Kliep,MKliep,KernelDensity,MKernelDensity
1.3172798075607293,0.5058887905959814,nan,0.44437773996041613,0.7281483906854859,0.5051422484787649
