Eval,CV,Kliep,MKliep,KernelDensity,MKernelDensity
1.0827889566871551,0.5058887905959814,nan,0.42401186359112863,0.4371864762328798,0.4873408184706867
