Eval,CV,Kliep,MKliep,KernelDensity,MKernelDensity
1.169792020846509,0.5058887905959814,nan,0.4882800522685832,0.739155870985721,0.5230691946192086
