Eval,CV,Kliep,MKliep,KernelDensity,MKernelDensity
0.0,0.05,0.08581194715547227,0.08591302604294437,0.09554721632770741,0.08444113672861685
