Eval,CV,Kliep,MKliep,KernelDensity,MKernelDensity
0.0,0.05,0.048598853016699035,0.053295142919271274,0.039571739761442105,0.05200979471107494
