Eval,CV,Kliep,MKliep,KernelDensity,MKernelDensity
0.0,0.05,0.03242027844948436,0.024421248993224925,0.019488920460937868,0.02407907843078659
