Eval,CV,Kliep,MKliep,KernelDensity,MKernelDensity
0.0,0.05,0.04210369562388991,0.025005960152096184,0.029837607640903513,0.022730705059179398
