Eval,CV,Kliep,MKliep,KernelDensity,MKernelDensity
0.0,0.05,0.026578191970535094,0.02458657046772055,0.0334150235013204,0.02261008736629842
