Eval,CV,Kliep,MKliep,KernelDensity,MKernelDensity
0.0,0.05,0.07288705760519633,0.07246691415257209,0.06629789182915852,0.07126887230033038
