Eval,CV,Kliep,MKliep,KernelDensity,MKernelDensity
0.0,0.05,0.0692237715215194,0.08711975145422439,0.08765362773325203,0.08555310868619605
