Eval,CV,Kliep,MKliep,KernelDensity,MKernelDensity
0.0,0.05,0.01383006241360004,0.01224878001220426,0.017991587882190536,0.013371588673557413
