Eval,CV,Kliep,MKliep,KernelDensity,MKernelDensity
0.0,0.05,0.027397264037671468,0.016226770330484898,0.028949850097570826,0.023614294954372905
