Eval,CV,Kliep,MKliep,KernelDensity,MKernelDensity
0.0,0.05,0.06639473828792809,0.05406906519755026,0.05729293816692829,0.052949137486792246
