Eval,CV,Kliep,MKliep,KernelDensity,MKernelDensity
0.0,0.05,0.08696796339386793,0.08215235722843603,0.0934234651168331,0.0895846797855464
