Eval,CV,Kliep,MKliep,KernelDensity,MKernelDensity
0.0,0.05,0.051939220471760486,0.032220126284429725,0.033280659488739726,0.02688138142537408
