Eval,CV,Kliep,MKliep,KernelDensity,MKernelDensity
0.0,0.05,0.05170264436603571,0.052030691483677775,0.04749995396300896,0.0510933172191663
