Eval,CV,Kliep,MKliep,KernelDensity,MKernelDensity
0.0,0.05,0.06209425221216508,0.0776056160245295,0.07869775870513035,0.07730472789866452
