Eval,CV,Kliep,MKliep,KernelDensity,MKernelDensity
0.0,0.05,0.09174078446823913,0.08145663398794092,0.09181053686063473,0.08004816778334528
