Eval,CV,Kliep,MKliep,KernelDensity,MKernelDensity
0.0,0.05,0.03543762633788257,0.04353232360222989,0.03924748189671172,0.04418982219000125
