Eval,CV,Kliep,MKliep,KernelDensity,MKernelDensity
0.0,0.05,0.03773216458360897,0.053404714046728134,0.051142777856378906,0.051822587091343734
