Eval,CV,Kliep,MKliep,KernelDensity,MKernelDensity
0.0,0.05,0.07786026756265545,0.060708975109105515,0.07152807298094248,0.0593179755436344
