Eval,CV,Kliep,MKliep,KernelDensity,MKernelDensity
0.0,0.05,0.030782812129971283,0.05752909582915274,0.04180322735275495,0.05803984078143915
