Eval,CV,Kliep,MKliep,KernelDensity,MKernelDensity
0.0,0.05,0.05209495842997347,0.06993613585232454,0.06303184289845175,0.07464075064280865
