Eval,CV,Kliep,MKliep,KernelDensity,MKernelDensity
2.3122948446095903,1.5265153242616774,0.9598102621308542,1.665475833855197,1.5528874936307984,1.6576540034369787
