Eval,CV,Kliep,MKliep,KernelDensity,MKernelDensity
1.6874584484209245,1.5265153242616774,1.1138838232328936,0.9262741531519604,1.5655641071128858,1.5813836018665661
