Eval,CV,Kliep,MKliep,KernelDensity,MKernelDensity
2.892397262161556,1.5265153242616774,1.6476011883071326,1.1151661213709987,1.6195627377853599,1.722247954541512
