Eval,CV,Kliep,MKliep,KernelDensity,MKernelDensity
2.041829302840287,1.5265153242616774,1.4336050532545712,2.355965634172198,1.446079842453038,1.4674542837900575
