Eval,CV,Kliep,MKliep,KernelDensity,MKernelDensity
2.6292560853993057,1.5265153242616774,1.5129622360664763,1.6022784433381254,1.5180896489044209,1.6029189563195827
