Eval,CV,Kliep,MKliep,KernelDensity,MKernelDensity
3.0541753520555446,1.5265153242616774,0.9557306831219962,0.41217825371646194,1.6105015630985344,1.7482099707314518
