Eval,CV,Kliep,MKliep,KernelDensity,MKernelDensity
2.0857478728423495,1.5265153242616774,1.6195149995378355,1.0733397095872175,1.608671093539035,1.6811299030842184
