Eval,CV,Kliep,MKliep,KernelDensity,MKernelDensity
1.794229249553187,1.5265153242616774,1.6162506238904701,1.6478132574165778,1.6116481939669203,1.6429240819181212
