Eval,CV,Kliep,MKliep,KernelDensity,MKernelDensity
1.8476238763953625,1.5265153242616774,1.3816972465188266,1.1914347557197003,1.4100370131014117,1.4011067345351487
