Eval,CV,Kliep,MKliep,KernelDensity,MKernelDensity
2.616063891012085,1.5265153242616774,1.5930982752856837,0.9674466975206146,1.6069450081689018,1.7262834150666677
