Eval,CV,Kliep,MKliep,KernelDensity,MKernelDensity
4.034900185339655,1.5265153242616774,1.6626193436895382,0.9238103274838143,1.6445246590951188,1.841085501498508
