Eval,CV,Kliep,MKliep,KernelDensity,MKernelDensity
1.8034203790091325,1.5265153242616774,1.0931908140315352,2.489978466340874,1.5599879319793288,1.6273091083424076
