Eval,CV,Kliep,MKliep,KernelDensity,MKernelDensity
3.236400299933398,1.5265153242616774,1.5542046551179767,1.6715398629909493,1.5484374197834785,1.6761485240516094
