Eval,CV,Kliep,MKliep,KernelDensity,MKernelDensity
2.6249838787315096,1.5265153242616774,1.771918975622245,1.654927522999159,1.5634094381465293,1.6520107050151605
