Eval,CV,Kliep,MKliep,KernelDensity,MKernelDensity
1.9294443354502515,1.5265153242616774,1.447895052324838,1.4977365104557467,1.4657231721025292,1.5019773904622935
