Eval,CV,Kliep,MKliep,KernelDensity,MKernelDensity
1.3746578101012503,1.5265153242616774,3.454613521465793,1.5503442318347413,1.5476588795491546,1.548777248455551
