Eval,CV,Kliep,MKliep,KernelDensity,MKernelDensity
4.040003451621989,1.5265153242616774,1.5288927371773238,1.682803312556891,1.5421970329797656,1.703567719374875
