Eval,CV,Kliep,MKliep,KernelDensity,MKernelDensity
2.1274003741803242,1.5265153242616774,1.6473195075164782,2.424619185544633,1.626805280008864,1.7263826950868568
