Eval,CV,Kliep,MKliep,KernelDensity,MKernelDensity
2.364905349505672,1.5265153242616774,1.130232632054019,2.0402773285403017,1.594710630587249,1.6802623620424195
