Eval,CV,Kliep,MKliep,KernelDensity,MKernelDensity
1.5220150970956061,1.5265153242616774,1.5135164169473296,1.3897390895135646,1.5162277648552365,1.509177863637832
