Eval,CV,Kliep,MKliep,KernelDensity,MKernelDensity
0.02127659574468085,0.047244094488188976,nan,0.024831398073993684,0.047244094488188976,0.014740196014986098
