Eval,CV,Kliep,MKliep,KernelDensity,MKernelDensity
0.05319148936170213,0.047244094488188976,nan,0.057012919264286054,0.047244094488188976,0.05499488969098153
