Eval,CV,Kliep,MKliep,KernelDensity,MKernelDensity
0.005319148936170213,0.047244094488188976,nan,0.02798529109359623,0.047244094488188976,0.02372593983303308
