Eval,CV,Kliep,MKliep,KernelDensity,MKernelDensity
0.07446808510638298,0.047244094488188976,nan,0.041350077209836106,0.047244094488188976,0.04511433499528238
