Eval,CV,Kliep,MKliep,KernelDensity,MKernelDensity
0.07446808510638298,0.047244094488188976,nan,0.050499060567066656,0.047244094488188976,0.050861795098531074
