Eval,CV,Kliep,MKliep,KernelDensity,MKernelDensity
0.0797872340425532,0.047244094488188976,nan,0.0721485248623667,0.047244094488188976,0.0570360774714886
