Eval,CV,Kliep,MKliep,KernelDensity,MKernelDensity
0.06914893617021277,0.047244094488188976,nan,0.05342076253322413,0.047244094488188976,0.0601460136549154
