Eval,CV,Kliep,MKliep,KernelDensity,MKernelDensity
0.02127659574468085,0.047244094488188976,nan,0.03874078284897895,0.047244094488188976,0.036441429044061543
