Eval,CV,Kliep,MKliep,KernelDensity,MKernelDensity
0.0851063829787234,0.047244094488188976,nan,0.05434616292271363,0.047244094488188976,0.05921732990569047
