Eval,CV,Kliep,MKliep,KernelDensity,MKernelDensity
0.05319148936170213,0.047244094488188976,nan,0.045053236043814275,0.047244094488188976,0.050034329414103816
