Eval,CV,Kliep,MKliep,KernelDensity,MKernelDensity
0.06914893617021277,0.047244094488188976,nan,0.05309831458731367,0.047244094488188976,0.056996167092802655
