Eval,CV,Kliep,MKliep,KernelDensity,MKernelDensity
0.031914893617021274,0.047244094488188976,nan,0.025261691843823462,0.047244094488188976,0.020783862776695968
