Eval,CV,Kliep,MKliep,KernelDensity,MKernelDensity
0.026595744680851064,0.047244094488188976,nan,0.03316398030200685,0.047244094488188976,0.03181207195986042
