Eval,CV,Kliep,MKliep,KernelDensity,MKernelDensity
0.015957446808510637,0.047244094488188976,nan,0.028793927046430877,0.047244094488188976,0.027950134171072546
