Eval,CV,Kliep,MKliep,KernelDensity,MKernelDensity
0.0797872340425532,0.047244094488188976,nan,0.06477153192524518,0.0,0.06205658087781282
