Eval,CV,Kliep,MKliep,KernelDensity,MKernelDensity
0.010638297872340425,0.047244094488188976,nan,0.017683824474368247,0.047244094488188976,0.023897636607607967
