Eval,CV,Kliep,MKliep,KernelDensity,MKernelDensity
0.10106382978723404,0.047244094488188976,nan,0.06318396232639743,0.047244094488188976,0.061974305778952736
