Eval,CV,Kliep,MKliep,KernelDensity,MKernelDensity
0.02127659574468085,0.047244094488188976,nan,0.029585318006467392,0.047244094488188976,0.029328337422282115
