Eval,CV,Kliep,MKliep,KernelDensity,MKernelDensity
0.03723404255319149,0.047244094488188976,nan,0.029881131184350002,0.047244094488188976,0.027362728576189453
