Eval,CV,Kliep,MKliep,KernelDensity,MKernelDensity
0.06,0.05,0.02390794514255555,0.021046336242206466,0.02140655360163577,0.020566096909807666
