Eval,CV,Kliep,MKliep,KernelDensity,MKernelDensity
0.0,0.05,0.06308761591972317,0.07867450350520015,0.059182949281261,0.07665846998093818
