Eval,CV,Kliep,MKliep,KernelDensity,MKernelDensity
0.02,0.05,0.0688234416777622,0.07995954454306341,0.06879722147729052,0.08370715187225222
