Eval,CV,Kliep,MKliep,KernelDensity,MKernelDensity
0.0,0.05,0.07097230911221748,0.08031082351039398,0.04892502024958326,0.07973159962600203
