Eval,CV,Kliep,MKliep,KernelDensity,MKernelDensity
0.0,0.05,0.045486420237963135,0.05680934324041067,0.03760374925321304,0.058839556814370385
