Eval,CV,Kliep,MKliep,KernelDensity,MKernelDensity
0.0,0.05,0.029584375799398294,0.04280317557081235,0.0345243004153048,0.05236850446696151
