Eval,CV,Kliep,MKliep,KernelDensity,MKernelDensity
0.0,0.05,0.039827650770289276,0.045969276125757616,0.02741863240309055,0.05151486424374521
