Eval,CV,Kliep,MKliep,KernelDensity,MKernelDensity
0.02,0.05,0.02553196897432878,0.027821094594936348,0.016914713272796988,0.026509253296131227
