Eval,CV,Kliep,MKliep,KernelDensity,MKernelDensity
0.06,0.05,0.06086607025026252,0.07062887392625182,0.055817806243915885,0.06491607735752693
