Eval,CV,Kliep,MKliep,KernelDensity,MKernelDensity
0.0,0.05,0.032659156469155765,0.03390858149475589,0.0292611968261477,0.0407589976659841
