Eval,CV,Kliep,MKliep,KernelDensity,MKernelDensity
0.0,0.05,0.06574936273162256,0.06855683739721273,0.05386942390186791,0.0742612205699226
