Eval,CV,Kliep,MKliep,KernelDensity,MKernelDensity
0.0,0.05,0.03211443487335612,0.04564272474987499,0.029465761205316094,0.04812887900137225
