Eval,CV,Kliep,MKliep,KernelDensity,MKernelDensity
0.08,0.05,0.05873610176016822,0.053649725746484356,0.05418617387215077,0.05090567748387718
