Eval,CV,Kliep,MKliep,KernelDensity,MKernelDensity
0.02,0.05,0.05436532521937754,0.05870811092251072,0.04391228493445085,0.05798806823113763
