Eval,CV,Kliep,MKliep,KernelDensity,MKernelDensity
0.02,0.05,0.061365749171297404,0.05998137043977165,0.0444140539672179,0.055810296724461826
