Eval,CV,Kliep,MKliep,KernelDensity,MKernelDensity
0.04,0.05,0.08042794122829734,0.07201412534327505,0.058051360125709196,0.06760557317687574
