Eval,CV,Kliep,MKliep,KernelDensity,MKernelDensity
0.02,0.05,0.053957222725036134,0.052145105926119005,0.03988493064042935,0.04535197160191955
