Eval,CV,Kliep,MKliep,KernelDensity,MKernelDensity
0.0,0.05,0.024467605460579245,0.02062880713185467,0.025000671795832447,0.030083101071119778
