Eval,CV,Kliep,MKliep,KernelDensity,MKernelDensity
0.0,0.05,0.0257587020689576,0.026438237003820114,0.014745822011350669,0.027505007708436096
