Eval,CV,Kliep,MKliep,KernelDensity,MKernelDensity
0.0,0.05,0.0665721753331811,0.038003805243702476,0.0461149401303272,0.07400587566213361
