Eval,CV,Kliep,MKliep,KernelDensity,MKernelDensity
2.4585281202631744,1.5193664484162444,0.9760582145687878,3.6371496889107267,1.60983378122783,1.712761866039578
