Eval,CV,Kliep,MKliep,KernelDensity,MKernelDensity
3.6687971022783974,1.5193664484162444,1.5583105956010836,1.6809646759664365,1.5499419791012703,1.682151030449349
