Eval,CV,Kliep,MKliep,KernelDensity,MKernelDensity
2.0709026845277703,1.5193664484162444,1.2842816959175978,0.9918212956891173,1.5795962320205235,1.6312422284136747
