Eval,CV,Kliep,MKliep,KernelDensity,MKernelDensity
3.5504347399614087,1.5193664484162444,1.42703319700252,0.9511384290636036,1.6273744361760643,1.7859609696883527
