Eval,CV,Kliep,MKliep,KernelDensity,MKernelDensity
2.4580106035709037,1.5193664484162444,1.5771390296071597,1.0041690637641896,1.5638608216179875,1.662601371678803
