Eval,CV,Kliep,MKliep,KernelDensity,MKernelDensity
1.9150341079943458,1.5193664484162444,1.5700144350527143,1.6592109287575394,1.5704660127833052,1.6682586554117464
