Eval,CV,Kliep,MKliep,KernelDensity,MKernelDensity
3.333665665429106,1.5193664484162444,0.9487174491478649,2.4529565868108993,1.522079397880556,1.6059105587872364
