Eval,CV,Kliep,MKliep,KernelDensity,MKernelDensity
2.464000430666787,1.5193664484162444,1.645702289203839,1.1434663036531696,1.6105899801958259,1.6884911250491093
