Eval,CV,Kliep,MKliep,KernelDensity,MKernelDensity
1.8485060841105263,1.5193664484162444,1.469796256251411,2.2340393352347734,1.4864326035369195,1.5413272590475684
