Eval,CV,Kliep,MKliep,KernelDensity,MKernelDensity
2.5202939942391027,1.5193664484162444,0.9423154716269726,2.272108282090895,1.5101879226825554,1.5376720282438663
