Eval,CV,Kliep,MKliep,KernelDensity,MKernelDensity
3.2966665712249,1.5193664484162444,1.4721786313889245,1.5225280786353543,1.4728383510887435,1.5504412677944832
