Eval,CV,Kliep,MKliep,KernelDensity,MKernelDensity
4.00159703179726,1.5193664484162444,1.7266844327772708,2.2912630805424565,1.609013568418173,1.7682752034462357
