Eval,CV,Kliep,MKliep,KernelDensity,MKernelDensity
2.931242730873421,1.5193664484162444,1.5439540342686955,1.639754149585211,1.5411738028657656,1.6449640900022868
