Eval,CV,Kliep,MKliep,KernelDensity,MKernelDensity
3.2916735171660854,1.5193664484162444,1.6395381365039372,0.9054469849354125,1.5324901129098916,1.6484147511150398
