Eval,CV,Kliep,MKliep,KernelDensity,MKernelDensity
2.553409636155075,1.5193664484162444,1.4172909763443544,1.4699622815166764,1.4282496414234014,1.4673514439504376
