Eval,CV,Kliep,MKliep,KernelDensity,MKernelDensity
1.5849499182644236,1.5193664484162444,1.6129400894152477,1.6716737442207648,1.6069420735676885,1.6714865871781739
