Eval,CV,Kliep,MKliep,KernelDensity,MKernelDensity
3.0337564433970385,1.5193664484162444,0.951212866035627,0.891719237772026,1.6123123758978963,1.735914297124481
