Eval,CV,Kliep,MKliep,KernelDensity,MKernelDensity
3.7706938832054675,1.5193664484162444,1.642553457809515,0.9499886837939462,1.6085404405254389,1.739761953321524
