Eval,CV,Kliep,MKliep,KernelDensity,MKernelDensity
2.8094137840476834,1.5193664484162444,1.4769680196028632,1.5254108493925187,1.4764834614129962,1.5390765214937543
