Eval,CV,Kliep,MKliep,KernelDensity,MKernelDensity
1.270254403493745,1.5193664484162444,1.2978561187778783,2.226999163553296,1.336918944113312,1.2921197958409707
