Eval,CV,Kliep,MKliep,KernelDensity,MKernelDensity
0.29213483146067415,0.19101123595505617,0.23206559074007738,0.206998245547608,0.2672413793103447,0.2102688340996987
