Eval,CV,Kliep,MKliep,KernelDensity,MKernelDensity
0.38202247191011235,0.19101123595505617,0.2815688814255028,0.2975846679033174,0.24854651162790684,0.29752174649883906
