Eval,CV,Kliep,MKliep,KernelDensity,MKernelDensity
0.19101123595505617,0.19101123595505617,0.24445788534403678,0.17031650783301497,0.25,0.17338958844727917
