Eval,CV,Kliep,MKliep,KernelDensity,MKernelDensity
0.38202247191011235,0.19101123595505617,0.294193469386457,0.3560611893107404,0.22207446808510642,0.36912067686777666
