Eval,CV,Kliep,MKliep,KernelDensity,MKernelDensity
0.24719101123595505,0.19101123595505617,0.2687596599273533,0.2307017915725569,0.24395161290322576,0.2340246424661318
