Eval,CV,Kliep,MKliep,KernelDensity,MKernelDensity
0.34831460674157305,0.19101123595505617,0.285348601041459,0.2930386068000012,0.31423611111111105,0.29970979797908714
