Eval,CV,Kliep,MKliep,KernelDensity,MKernelDensity
0.30337078651685395,0.19101123595505617,0.2860619075679934,0.37610255155351346,0.2389705882352941,0.4005009867435868
