Eval,CV,Kliep,MKliep,KernelDensity,MKernelDensity
0.2247191011235955,0.19101123595505617,0.2559910930097244,0.1621545044692763,0.3026315789473684,0.16474880414892795
