Eval,CV,Kliep,MKliep,KernelDensity,MKernelDensity
0.3707865168539326,0.19101123595505617,0.27817524436539537,0.3649761769862644,0.2685185185185184,0.36996030274276176
