Eval,CV,Kliep,MKliep,KernelDensity,MKernelDensity
0.39325842696629215,0.19101123595505617,0.2823104506675274,0.3040115355896515,0.2530487804878048,0.31214602531587626
