Eval,CV,Kliep,MKliep,KernelDensity,MKernelDensity
0.3146067415730337,0.19101123595505617,0.29545822550248163,0.31041478124434735,0.29166666666666663,0.3241563504807737
