Eval,CV,Kliep,MKliep,KernelDensity,MKernelDensity
0.3258426966292135,0.19101123595505617,0.25061326460279637,0.2344428197310135,0.2729166666666666,0.2358463226711066
