Eval,CV,Kliep,MKliep,KernelDensity,MKernelDensity
0.29213483146067415,0.19101123595505617,0.28275550780770414,0.3121072066489452,0.1644021739130435,0.3233294433786782
