Eval,CV,Kliep,MKliep,KernelDensity,MKernelDensity
0.2808988764044944,0.19101123595505617,0.2595060753898914,0.22696756094981677,0.2899305555555555,0.23162249055148035
