Eval,CV,Kliep,MKliep,KernelDensity,MKernelDensity
0.3707865168539326,0.19101123595505617,0.28974357231254017,0.35128992965584843,0.318877551020408,0.370018994997367
