Eval,CV,Kliep,MKliep,KernelDensity,MKernelDensity
0.43820224719101125,0.19101123595505617,0.27080529879150195,0.32089930576741194,0.3494318181818181,0.33008770332528187
