Eval,CV,Kliep,MKliep,KernelDensity,MKernelDensity
0.3595505617977528,0.19101123595505617,0.29869630539654346,0.3360634970772375,0.24404761904761896,0.33524356489785223
