Eval,CV,Kliep,MKliep,KernelDensity,MKernelDensity
0.38202247191011235,0.19101123595505617,0.27234874328974973,0.27842178442368415,0.26809210526315774,0.2759179147611638
