Eval,CV,Kliep,MKliep,KernelDensity,MKernelDensity
0.25842696629213485,0.19101123595505617,0.24698455762327337,0.2222102467191162,0.3181818181818182,0.22241255592794454
