Eval,CV,Kliep,MKliep,KernelDensity,MKernelDensity
0.5393258426966292,0.19101123595505617,0.2704195499630796,0.2756351103275949,0.2483108108108107,0.269347961600376
