Eval,CV,Kliep,MKliep,KernelDensity,MKernelDensity
1.2507987791139343,0.5026022015338344,nan,0.5067464794060947,0.43268815894304347,0.48054631469677794
