Eval,CV,Kliep,MKliep,KernelDensity,MKernelDensity
0.7176664191940121,0.5026022015338344,nan,0.5187129581257068,0.5387776538448379,0.5174694492323679
