Eval,CV,Kliep,MKliep,KernelDensity,MKernelDensity
1.0378121315865199,0.5026022015338344,nan,0.5376405209144175,0.5600350831257219,0.5201405111166576
