Eval,CV,Kliep,MKliep,KernelDensity,MKernelDensity
1.0829463306671565,0.5026022015338344,nan,0.5031665196081341,0.5368718836229243,0.4947296146888203
