Eval,CV,Kliep,MKliep,KernelDensity,MKernelDensity
0.7684198554717602,0.5026022015338344,0.5323013045630087,0.5017624193153644,0.5569214348114552,0.5008210295149127
