Eval,CV,Kliep,MKliep,KernelDensity,MKernelDensity
1.1808299767691752,0.5026022015338344,nan,0.532496316345084,0.5191717871973008,0.5039584628617396
