Eval,CV,Kliep,MKliep,KernelDensity,MKernelDensity
1.252095625329038,0.5026022015338344,0.5377273346875947,0.5105435357187073,0.5683095118197714,0.4889593717272116
