Eval,CV,Kliep,MKliep,KernelDensity,MKernelDensity
1.108526139917944,0.5026022015338344,nan,0.5205675206005564,0.5419921345441018,0.5040928198944483
