Eval,CV,Kliep,MKliep,KernelDensity,MKernelDensity
0.6029588774517816,0.5026022015338344,nan,0.48340740479597905,0.5022090043263182,0.4846241898798885
