Eval,CV,Kliep,MKliep,KernelDensity,MKernelDensity
0.763392082201986,0.5026022015338344,nan,0.5089859566057334,0.5329918540866445,0.49546432831624365
