Eval,CV,Kliep,MKliep,KernelDensity,MKernelDensity
1.0099570288759352,0.5026022015338344,nan,0.5429972838034912,0.6605934946019381,0.5384209181628232
