Eval,CV,Kliep,MKliep,KernelDensity,MKernelDensity
0.6219004649286811,0.5026022015338344,nan,0.49116812897932305,0.4354185935816282,0.4977601647322922
