Eval,CV,Kliep,MKliep,KernelDensity,MKernelDensity
1.3355873154867226,0.5026022015338344,nan,0.5204209226043025,0.49521955678672785,0.4877810204486064
