Eval,CV,Kliep,MKliep,KernelDensity,MKernelDensity
1.1850512550296843,0.5026022015338344,nan,0.5148188318758496,0.6953611280355172,0.4984188970992084
