Eval,CV,Kliep,MKliep,KernelDensity,MKernelDensity
0.9155253110994914,0.5026022015338344,nan,0.48657410224582825,0.44871768494972225,0.4856496336887287
