Eval,CV,Kliep,MKliep,KernelDensity,MKernelDensity
1.1094387148211904,0.5026022015338344,nan,0.5045202482336955,0.6131298221198467,0.49868375565189005
