Eval,CV,Kliep,MKliep,KernelDensity,MKernelDensity
0.9336613224990671,0.5026022015338344,nan,0.5148287766024799,0.5543069167034265,0.5092053412213976
