Eval,CV,Kliep,MKliep,KernelDensity,MKernelDensity
1.0210530438345917,0.5026022015338344,nan,0.5161742092543192,0.5643037172098843,0.5065355590556567
