Eval,CV,Kliep,MKliep,KernelDensity,MKernelDensity
0.9585082493058426,0.5026022015338344,0.5448825270953118,0.510270641509426,0.4319262695179913,0.4940903496815123
