Eval,CV,Kliep,MKliep,KernelDensity,MKernelDensity
1.4899155068651289,0.5026022015338344,nan,0.5063352223746794,0.5008229453044455,0.47202895486523505
