Eval,CV,Kliep,MKliep,KernelDensity,MKernelDensity
1914.260554693021,1453.3115128061686,1459.6415965818649,nan,1927.1161868577042,1614.0302310734999
