Eval,CV,Kliep,MKliep,KernelDensity,MKernelDensity
1767.995513038746,1453.3115128061686,1469.2158854228867,nan,1913.4452730422274,1541.7731587069836
