Eval,CV,Kliep,MKliep,KernelDensity,MKernelDensity
1875.8663810942369,1453.3115128061686,1451.6682769322454,nan,1548.2748473995048,1658.7458725680383
