Eval,CV,Kliep,MKliep,KernelDensity,MKernelDensity
1195.126516251409,1453.3115128061686,1337.0716706026967,nan,1356.4290369354567,1558.103845309338
