Eval,CV,Kliep,MKliep,KernelDensity,MKernelDensity
1749.0497860610933,1453.3115128061686,1471.801983387578,nan,1773.8301018262339,1554.730530772115
