Eval,CV,Kliep,MKliep,KernelDensity,MKernelDensity
1228.4924461141673,1453.3115128061686,1382.319592047297,nan,1320.0471309516183,1680.3497931829202
