Eval,CV,Kliep,MKliep,KernelDensity,MKernelDensity
1716.0108169340588,1453.3115128061686,1476.7124577556724,nan,1674.9944866776818,1368.5570818790723
