Eval,CV,Kliep,MKliep,KernelDensity,MKernelDensity
1789.9158568659957,1453.3115128061686,1476.3508644445312,nan,1504.4312739707057,1512.6284491452407
