Eval,CV,Kliep,MKliep,KernelDensity,MKernelDensity
1524.8098616069915,1453.3115128061686,1439.3749762259686,nan,1614.3756157063588,1791.67117890222
