Eval,CV,Kliep,MKliep,KernelDensity,MKernelDensity
1416.1867855285718,1453.3115128061686,1382.2327889156998,nan,1494.9705271198445,1570.5018266396141
