Eval,CV,Kliep,MKliep,KernelDensity,MKernelDensity
2312.574819443778,1453.3115128061686,1553.477456615716,nan,1933.2728965921726,1727.4454985840132
