Eval,CV,Kliep,MKliep,KernelDensity,MKernelDensity
2129.2439134883607,1453.3115128061686,1549.4836036446068,nan,1843.9017082810233,1661.7637538787797
