Eval,CV,Kliep,MKliep,KernelDensity,MKernelDensity
2139.0186320610383,1453.3115128061686,1536.2513798276639,nan,2017.2223950756504,1400.4428438625155
