Eval,CV,Kliep,MKliep,KernelDensity,MKernelDensity
1689.9518124569825,1453.3115128061686,1454.8215542371113,nan,1558.8387486531922,1666.6427938287497
