Eval,CV,Kliep,MKliep,KernelDensity,MKernelDensity
2204.4737000371492,1453.3115128061686,1479.2074100568725,nan,2050.2972222781436,1538.2004626514856
