Eval,CV,Kliep,MKliep,KernelDensity,MKernelDensity
1575.4333113223938,1453.3115128061686,1418.1879558542248,nan,1373.0318214843144,1649.5346163633794
