Eval,CV,Kliep,MKliep,KernelDensity,MKernelDensity
2237.013288791331,1453.3115128061686,1566.2035908605362,nan,2198.9265787724257,1687.5869277738836
