Eval,CV,Kliep,MKliep,KernelDensity,MKernelDensity
2343.006595482932,1453.3115128061686,1524.1196899559332,nan,1725.3150664746183,1415.1949643514881
