Eval,CV,Kliep,MKliep,KernelDensity,MKernelDensity
1816.440335987383,1453.3115128061686,1437.0521432854823,nan,1957.1543474137907,1519.5777282038623
