Eval,CV,Kliep,MKliep,KernelDensity,MKernelDensity
1937.5284622637478,1453.3115128061686,1490.3501173885688,nan,1671.267285246231,1787.4467730705935
