Eval,CV,Kliep,MKliep,KernelDensity,MKernelDensity
0.05263157894736842,0.2375249500998004,nan,0.1827839717281787,0.09481867769911285,0.19437613510872323
