Eval,CV,Kliep,MKliep,KernelDensity,MKernelDensity
0.04950495049504951,0.2634146341463415,0.21828152342885185,0.24041600051980205,0.1764705882352941,0.24724649813899527
