Eval,CV,Kliep,MKliep,KernelDensity,MKernelDensity
0.7425742574257426,0.2634146341463415,0.18525593313722094,0.28993989314255214,0.10526315789473682,0.3059403721558604
