Eval,CV,Kliep,MKliep,KernelDensity,MKernelDensity
0.8415841584158416,0.2634146341463415,0.254963046891842,0.31793579964488006,0.18749999999999986,0.30988609640010495
