Eval,CV,Kliep,MKliep,KernelDensity,MKernelDensity
0.6435643564356436,0.2634146341463415,nan,0.26997120123764995,0.13333333333333375,0.29240535008503865
