Eval,CV,Kliep,MKliep,KernelDensity,MKernelDensity
0.24752475247524752,0.2634146341463415,nan,0.2311056286049598,0.1304347826086964,0.2501768201938057
