Eval,CV,Kliep,MKliep,KernelDensity,MKernelDensity
0.8712871287128713,0.2634146341463415,0.15272587069186758,0.3145985891559074,0.3181818181818188,0.31650129663501625
