Eval,CV,Kliep,MKliep,KernelDensity,MKernelDensity
0.9801980198019802,0.2634146341463415,nan,0.34123396398501193,0.6000000000000001,0.3484106173001706
