Eval,CV,Kliep,MKliep,KernelDensity,MKernelDensity
0.43564356435643564,0.2634146341463415,0.005631899834596989,0.3114205779344961,0.08333333333333695,0.3115170146088234
