Eval,CV,Kliep,MKliep,KernelDensity,MKernelDensity
0.13861386138613863,0.2634146341463415,nan,0.27757768895450835,0.41666666666665436,0.2683532177110635
