Eval,CV,Kliep,MKliep,KernelDensity,MKernelDensity
0.801980198019802,0.2634146341463415,nan,0.29696505131471046,0.1666666666666671,0.2971894615949058
