Eval,CV,Kliep,MKliep,KernelDensity,MKernelDensity
0.8613861386138614,0.2634146341463415,0.28021197328268094,0.2630635060632839,0.2666666666666656,0.28685048186867995
