Eval,CV,Kliep,MKliep,KernelDensity,MKernelDensity
0.1485148514851485,0.2634146341463415,nan,0.24599057351700912,0.2999999999999922,0.25351361730528116
