Eval,CV,Kliep,MKliep,KernelDensity,MKernelDensity
1.0,0.2634146341463415,nan,0.2783196417670848,0.15384615384615463,0.33732870550159494
