Eval,CV,Kliep,MKliep,KernelDensity,MKernelDensity
0.2079207920792079,0.2634146341463415,0.22947381064113836,0.26317331740845334,0.15384615384615322,0.2518842614376843
