Eval,CV,Kliep,MKliep,KernelDensity,MKernelDensity
0.9504950495049505,0.2634146341463415,nan,0.34710176804476817,0.15384615384615463,0.3316200503613859
