Eval,CV,Kliep,MKliep,KernelDensity,MKernelDensity
0.7128712871287128,0.2634146341463415,nan,0.27976350467940597,0.3333333333333261,0.284022941216126
