Eval,CV,Kliep,MKliep,KernelDensity,MKernelDensity
0.32673267326732675,0.2634146341463415,nan,0.2549260978623544,0.22222222222221405,0.25507012796460293
