Eval,CV,Kliep,MKliep,KernelDensity,MKernelDensity
0.3069306930693069,0.2634146341463415,0.03741357384405546,0.2690212402704902,0.27272727272726643,0.2635111320773321
