Eval,CV,Kliep,MKliep,KernelDensity,MKernelDensity
0.6039603960396039,0.2634146341463415,0.18800496561753874,0.27741667866763076,0.16666666666666596,0.27498241696577314
