Eval,CV,Kliep,MKliep,KernelDensity,MKernelDensity
0.21782178217821782,0.2634146341463415,0.14092168567703964,0.23805033168848286,0.2941176470588236,0.25883241016385894
