Eval,CV,Kliep,MKliep,KernelDensity,MKernelDensity
1.1352781974792738,0.5910725836068452,nan,0.4752486808356853,1.0515038629651523,0.5901080756008271
