Eval,CV,Kliep,MKliep,KernelDensity,MKernelDensity
0.8325136978232996,0.5910725836068452,nan,0.6356892479802397,0.6752891078251434,0.5857044204376394
