Eval,CV,Kliep,MKliep,KernelDensity,MKernelDensity
0.8113779555423379,0.5910725836068452,nan,0.6343053142956571,0.8232790270476904,0.5914591947748987
