Eval,CV,Kliep,MKliep,KernelDensity,MKernelDensity
1.2601593013524393,0.5910725836068452,nan,0.5896033665701446,1.2316845466553983,0.5931526758150306
