Eval,CV,Kliep,MKliep,KernelDensity,MKernelDensity
0.8655861711543054,0.5910725836068452,nan,0.3251964760703022,0.6888518404129552,0.5843517932265202
