Eval,CV,Kliep,MKliep,KernelDensity,MKernelDensity
0.9296987749363261,0.5910725836068452,nan,0.5781608416207166,0.9001839959204244,0.5929874331536131
