Eval,CV,Kliep,MKliep,KernelDensity,MKernelDensity
0.9215337933341772,0.5910725836068452,nan,0.6271764244879252,0.995311068125064,0.5995893991723623
