Eval,CV,Kliep,MKliep,KernelDensity,MKernelDensity
0.872832165043078,0.5910725836068452,nan,0.5188154170420639,0.6883668020259692,0.5881387626790145
