Eval,CV,Kliep,MKliep,KernelDensity,MKernelDensity
1.1357013412926253,0.5910725836068452,nan,0.6180836368119942,0.9074780655929274,0.5887938265676085
