Eval,CV,Kliep,MKliep,KernelDensity,MKernelDensity
1.0142929096475293,0.5910725836068452,nan,0.6318372383690649,0.9690702744566354,0.5904650532946937
