Eval,CV,Kliep,MKliep,KernelDensity,MKernelDensity
1.0855090583381601,0.5910725836068452,nan,0.6199950360530669,1.0103402390864575,0.592203391629692
