Eval,CV,Kliep,MKliep,KernelDensity,MKernelDensity
0.7438383603822383,0.5910725836068452,nan,0.6337695347313705,0.6387730190074251,0.5880428760237211
