Eval,CV,Kliep,MKliep,KernelDensity,MKernelDensity
1.3348041694948352,0.5910725836068452,nan,0.5902577408167058,1.330202913007283,0.5932366587582236
