Eval,CV,Kliep,MKliep,KernelDensity,MKernelDensity
1.1251138280546549,0.5910725836068452,nan,0.642968951762009,1.0730822789737946,0.5948732101342101
