Eval,CV,Kliep,MKliep,KernelDensity,MKernelDensity
1.1401595360739427,0.5910725836068452,nan,0.4969002561940369,0.827073906712339,0.5863650475939565
