Eval,CV,Kliep,MKliep,KernelDensity,MKernelDensity
1.1772225126427065,0.5910725836068452,nan,0.6302141591259453,1.1466532736658734,0.5941671059457524
