Eval,CV,Kliep,MKliep,KernelDensity,MKernelDensity
1.003853684849692,0.5910725836068452,nan,0.5662206915492352,0.969484040547178,0.5955013836434101
