Eval,CV,Kliep,MKliep,KernelDensity,MKernelDensity
0.7174167679405804,0.5910725836068452,nan,0.5801625463656143,0.7260772045242598,0.5941649416509674
