Eval,CV,Kliep,MKliep,KernelDensity,MKernelDensity
0.8517902358684798,0.5910725836068452,nan,0.5839519184984486,0.8401166780283764,0.5957626316160186
