Eval,CV,Kliep,MKliep,KernelDensity,MKernelDensity
0.5636224669983715,0.5910725836068452,nan,0.6144123810504689,0.5512114078950165,0.5926120950263245
