Eval,CV,Kliep,MKliep,KernelDensity,MKernelDensity
0.5462012320328542,0.5730223123732252,0.693569851891919,0.5762930100877054,0.7499999999999938,0.5756839119750067
