Eval,CV,Kliep,MKliep,KernelDensity,MKernelDensity
0.9240246406570842,0.5730223123732252,0.7132815984082826,0.635485502019056,0.698412698412698,0.6349290074593908
