Eval,CV,Kliep,MKliep,KernelDensity,MKernelDensity
0.5687885010266941,0.5730223123732252,0.6902851521660304,0.5686357198739058,0.6249999999999961,0.5685693990906354
