Eval,CV,Kliep,MKliep,KernelDensity,MKernelDensity
0.7227926078028748,0.5730223123732252,0.7132686174442123,0.6047602492585178,0.8134328358208899,0.6041567074593044
