Eval,CV,Kliep,MKliep,KernelDensity,MKernelDensity
0.7371663244353183,0.5730223123732252,0.6837551004760407,0.6064719118958782,0.7884615384615354,0.6063829034442656
