Eval,CV,Kliep,MKliep,KernelDensity,MKernelDensity
0.8049281314168378,0.5730223123732252,0.7082009322101409,0.5926625984741042,0.7999999999999967,0.5899836431359664
