Eval,CV,Kliep,MKliep,KernelDensity,MKernelDensity
0.8295687885010267,0.5730223123732252,0.7212273620044342,0.6053522947891665,0.7765957446808446,0.604708660256
