Eval,CV,Kliep,MKliep,KernelDensity,MKernelDensity
0.9671457905544147,0.5730223123732252,0.7485719166090568,0.6335373048812954,0.8474576271186407,0.628832068794852
