Eval,CV,Kliep,MKliep,KernelDensity,MKernelDensity
0.6057494866529775,0.5730223123732252,0.7037503049354886,0.5818326015952232,0.7333333333333265,0.5727149673065918
