Eval,CV,Kliep,MKliep,KernelDensity,MKernelDensity
0.46611909650924027,0.5730223123732252,0.6889982029456433,0.5593827726332483,0.7307692307692282,0.5600046538093608
