Eval,CV,Kliep,MKliep,KernelDensity,MKernelDensity
0.919917864476386,0.5730223123732252,0.7082976857392173,0.6277906869286588,0.7818181818181787,0.6276686656043974
