Eval,CV,Kliep,MKliep,KernelDensity,MKernelDensity
0.704312114989733,0.5730223123732252,0.731983174832637,0.6014046774736828,0.8083333333333307,0.6008934390338254
