Eval,CV,Kliep,MKliep,KernelDensity,MKernelDensity
0.9753593429158111,0.5730223123732252,0.7169260497235052,0.6389896759220463,0.8749999999999944,0.6374417111529201
