Eval,CV,Kliep,MKliep,KernelDensity,MKernelDensity
0.9322381930184805,0.5730223123732252,0.7325141383533771,0.6307405926928874,0.857142857142853,0.6283305097358958
