Eval,CV,Kliep,MKliep,KernelDensity,MKernelDensity
0.8028747433264887,0.5730223123732252,0.6908926931599909,0.6009965788518605,0.8018867924528261,0.5994210086828868
