Eval,CV,Kliep,MKliep,KernelDensity,MKernelDensity
0.6303901437371663,0.5730223123732252,0.6463845674548166,0.5708970755003876,0.5000000000000041,0.5705108852867099
