Eval,CV,Kliep,MKliep,KernelDensity,MKernelDensity
0.7679671457905544,0.5730223123732252,0.6930131384154284,0.5956323855080379,0.7291666666666586,0.5957048844806171
