Eval,CV,Kliep,MKliep,KernelDensity,MKernelDensity
0.6735112936344969,0.5730223123732252,0.7062925802380042,0.5871182687006314,0.8275862068965464,0.5828594913171843
