Eval,CV,Kliep,MKliep,KernelDensity,MKernelDensity
0.5770020533880903,0.5730223123732252,0.6978109101082145,0.5818113613113332,0.8281249999999964,0.5808783400488927
