Eval,CV,Kliep,MKliep,KernelDensity,MKernelDensity
0.7207392197125256,0.5730223123732252,0.6821808717908439,0.5925487507716839,0.7799999999999908,0.5910111087757202
