Eval,CV,Kliep,MKliep,KernelDensity,MKernelDensity
0.6732673267326733,0.2634146341463415,nan,0.3295901963798913,0.4999999999999985,0.3069955907042466
