Eval,CV,Kliep,MKliep,KernelDensity,MKernelDensity
0.7623762376237624,0.2634146341463415,0.27864461681750863,0.3063868745630605,0.3846153846153837,0.2994311987108306
