Eval,CV,Kliep,MKliep,KernelDensity,MKernelDensity
0.16831683168316833,0.2634146341463415,nan,0.2395016388538295,0.1250000000000003,0.23420662956905045
