Eval,CV,Kliep,MKliep,KernelDensity,MKernelDensity
0.9900990099009901,0.2634146341463415,nan,0.3373757540239717,0.3999999999999993,0.3176928667584494
