Eval,CV,Kliep,MKliep,KernelDensity,MKernelDensity
0.5742574257425742,0.2634146341463415,0.2854490786833123,0.2910439902031342,0.6428571428571428,0.28455461208405325
