Eval,CV,Kliep,MKliep,KernelDensity,MKernelDensity
0.693069306930693,0.2634146341463415,nan,0.291939265606074,0.3913043478260872,0.29083115215871314
