Eval,CV,Kliep,MKliep,KernelDensity,MKernelDensity
0.801980198019802,0.2634146341463415,nan,0.3147386346081466,0.49999999999999933,0.297754398638572
