Eval,CV,Kliep,MKliep,KernelDensity,MKernelDensity
0.8910891089108911,0.2634146341463415,nan,0.3232561140360047,0.22222222222222232,0.3166474296262324
