Eval,CV,Kliep,MKliep,KernelDensity,MKernelDensity
0.40594059405940597,0.2634146341463415,nan,0.2724964586274677,0.16666666666666666,0.25735403250179756
