Eval,CV,Kliep,MKliep,KernelDensity,MKernelDensity
0.25742574257425743,0.2634146341463415,0.26025597000658623,0.23775997711460758,0.2500000000000025,0.23844617193593878
