Eval,CV,Kliep,MKliep,KernelDensity,MKernelDensity
0.45544554455445546,0.2634146341463415,nan,0.26419372624780907,0.07692307692308066,0.26242005070008084
