Eval,CV,Kliep,MKliep,KernelDensity,MKernelDensity
0.6633663366336634,0.2634146341463415,0.290798640691005,0.3130880499101712,0.4285714285714283,0.29393977372944247
