Eval,CV,Kliep,MKliep,KernelDensity,MKernelDensity
0.7623762376237624,0.2634146341463415,0.3491301929247106,0.2911511592480329,0.3333333333333327,0.3222825948784175
