Eval,CV,Kliep,MKliep,KernelDensity,MKernelDensity
0.7425742574257426,0.2634146341463415,nan,0.30672694552151036,0.16666666666666724,0.30482212408489395
