Eval,CV,Kliep,MKliep,KernelDensity,MKernelDensity
0.13861386138613863,0.2634146341463415,0.2063746995388591,0.23391450889482263,1.7421961309502399e-15,0.23653195277086117
