Eval,CV,Kliep,MKliep,KernelDensity,MKernelDensity
0.15841584158415842,0.2634146341463415,0.15131432381370574,0.24695696713078552,1.860416582693063e-14,0.2458281373693399
