Eval,CV,Kliep,MKliep,KernelDensity,MKernelDensity
0.31683168316831684,0.2634146341463415,0.11253196300095562,0.2618772645062973,0.37500000000000094,0.257233954530347
