Eval,CV,Kliep,MKliep,KernelDensity,MKernelDensity
0.26732673267326734,0.2634146341463415,0.07492788584430184,0.2712869586393859,0.09090909090909466,0.2643611103868061
