Eval,CV,Kliep,MKliep,KernelDensity,MKernelDensity
0.1782178217821782,0.2634146341463415,nan,0.239528241519139,0.09090909090909466,0.2474028919079376
