Eval,CV,Kliep,MKliep,KernelDensity,MKernelDensity
0.8316831683168316,0.2634146341463415,nan,0.3131686394560784,0.3333333333333326,0.3069541664255653
