Eval,CV,Kliep,MKliep,KernelDensity,MKernelDensity
0.0,0.03,0.023571020014353305,0.01588074895399097,0.0157580462119002,0.016566306316405658
