Eval,CV,Kliep,MKliep,KernelDensity,MKernelDensity
0.0,0.03,0.015333738786201461,0.015488473257683467,0.01148229578311557,0.015536846802667014
