Eval,CV,Kliep,MKliep,KernelDensity,MKernelDensity
0.0,0.03,0.02603721913069463,0.04177756502605634,0.014921363517875874,0.04083940821945319
