Eval,CV,Kliep,MKliep,KernelDensity,MKernelDensity
0.0,0.03,0.02097137197174993,0.03364403929784789,0.02093394101965427,0.033605933368047174
