Eval,CV,Kliep,MKliep,KernelDensity,MKernelDensity
0.0,0.03,0.03079253935013064,0.0527014757161006,0.016337501707370593,0.05528145647488454
