Eval,CV,Kliep,MKliep,KernelDensity,MKernelDensity
0.0,0.03,0.020369057558221885,0.018746562537920636,0.01026638793661139,0.01796505970261841
