Eval,CV,Kliep,MKliep,KernelDensity,MKernelDensity
0.0,0.03,0.021983479650602565,0.03729458318660973,0.010016206785234296,0.03772636970514446
