Eval,CV,Kliep,MKliep,KernelDensity,MKernelDensity
0.0,0.03,0.02612011748261059,0.04570633686421594,0.012964783946349845,0.044705695300261236
