Eval,CV,Kliep,MKliep,KernelDensity,MKernelDensity
0.0,0.03,0.030783023915756224,0.026900017046519592,0.010820118653119343,0.026473412790495962
