Eval,CV,Kliep,MKliep,KernelDensity,MKernelDensity
0.0,0.03,0.03166778546467314,0.035183820431554,0.015311367185835307,0.03417838081358064
