Eval,CV,Kliep,MKliep,KernelDensity,MKernelDensity
0.0,0.03,0.0395667989449033,0.040969753312818824,0.021037541755976764,0.04016195667058021
