Eval,CV,Kliep,MKliep,KernelDensity,MKernelDensity
0.0,0.03,0.031913288029235175,0.04727072614870274,0.02082356983955462,0.04556727759594485
