Eval,CV,Kliep,MKliep,KernelDensity,MKernelDensity
0.0,0.03,0.03688746799331226,0.0446423861709497,0.012674923191627094,0.04312483639013204
