Eval,CV,Kliep,MKliep,KernelDensity,MKernelDensity
0.0,0.03,0.04011430234625976,0.04950527312147732,0.012662532339292131,0.047986470594317904
