Eval,CV,Kliep,MKliep,KernelDensity,MKernelDensity
0.0,0.03,0.038328773042760736,0.049973932679302634,0.01731966175520431,0.04877625636241886
