Eval,CV,Kliep,MKliep,KernelDensity,MKernelDensity
0.0,0.03,0.0407705692019826,0.041748878507587774,0.02352639504208155,0.04107943664052334
