Eval,CV,Kliep,MKliep,KernelDensity,MKernelDensity
0.0,0.03,0.036663862063356804,0.0467583529353971,0.023625851646222096,0.04521710899553664
