Eval,CV,Kliep,MKliep,KernelDensity,MKernelDensity
0.0,0.03,0.03936005707990316,0.034531367939517714,0.02244327651799538,0.033213238245591505
