Eval,CV,Kliep,MKliep,KernelDensity,MKernelDensity
0.0,0.03,0.0380550581127628,0.026551038768628445,0.027454452474369746,0.027356229916914793
