Eval,CV,Kliep,MKliep,KernelDensity,MKernelDensity
0.0,0.03,0.028459852021121456,0.04856669493276839,0.026511867196684396,0.04693071200921542
