Eval,CV,Kliep,MKliep,KernelDensity,MKernelDensity
603.7458033484875,470.50352722485513,555.4599083553908,nan,714.9975527624969,529.6382447721917
