Eval,CV,Kliep,MKliep,KernelDensity,MKernelDensity
741.4316333959517,470.50352722485513,605.8977403811664,nan,866.5628725626449,488.3677472341435
