Eval,CV,Kliep,MKliep,KernelDensity,MKernelDensity
554.1452371372692,470.50352722485513,546.0464101808218,nan,561.3869308393358,503.09982658479606
