Eval,CV,Kliep,MKliep,KernelDensity,MKernelDensity
840.738414062197,470.50352722485513,705.8579186073276,nan,854.12779119486,508.2409591610609
