Eval,CV,Kliep,MKliep,KernelDensity,MKernelDensity
819.2531798102423,470.50352722485513,679.8175128429197,nan,857.2022228441398,526.8274287032781
