Eval,CV,Kliep,MKliep,KernelDensity,MKernelDensity
900.6974129815608,470.50352722485513,728.378792011129,nan,917.1363819094014,520.5630525521476
