Eval,CV,Kliep,MKliep,KernelDensity,MKernelDensity
1026.444634469078,470.50352722485513,802.2958157288139,nan,1053.3843846382,475.98326415457876
