Eval,CV,Kliep,MKliep,KernelDensity,MKernelDensity
1882.9013862498532,470.50352722485513,1197.9754469774014,nan,1766.7104675352448,524.8281719745578
