Eval,CV,Kliep,MKliep,KernelDensity,MKernelDensity
841.9142931725972,470.50352722485513,688.3844589948702,nan,858.4233156056243,487.9651078260467
