Eval,CV,Kliep,MKliep,KernelDensity,MKernelDensity
934.7796860352717,470.50352722485513,659.9477350163495,nan,1020.499396662994,557.5647053763664
