Eval,CV,Kliep,MKliep,KernelDensity,MKernelDensity
750.939447244149,470.50352722485513,574.8263774199671,nan,778.0837122801971,495.9591266050856
