Eval,CV,Kliep,MKliep,KernelDensity,MKernelDensity
1253.073294352666,470.50352722485513,827.2155742219654,nan,1197.445237205451,498.1720859187647
