Eval,CV,Kliep,MKliep,KernelDensity,MKernelDensity
1184.9771207429167,470.50352722485513,813.8783146531325,nan,1158.8524406068723,508.2051245632047
