Eval,CV,Kliep,MKliep,KernelDensity,MKernelDensity
992.532522597234,470.50352722485513,713.2746404709678,nan,987.8821051858931,527.8199982153517
