Eval,CV,Kliep,MKliep,KernelDensity,MKernelDensity
834.4349886434919,470.50352722485513,655.7828240592291,nan,845.2214577354591,525.480849776698
