Eval,CV,Kliep,MKliep,KernelDensity,MKernelDensity
438.44035154496373,470.50352722485513,445.8631908992437,nan,423.81338952454496,535.8182598728429
