Eval,CV,Kliep,MKliep,KernelDensity,MKernelDensity
960.3262793243896,470.50352722485513,789.6044577427355,nan,935.3476513313977,489.126950081195
