Eval,CV,Kliep,MKliep,KernelDensity,MKernelDensity
1222.9207441808542,470.50352722485513,835.4710311738121,nan,1210.8272746048845,465.1661038933166
