Eval,CV,Kliep,MKliep,KernelDensity,MKernelDensity
1017.0362987610442,470.50352722485513,732.5569578904837,nan,1003.9041259895715,514.9515657705047
