Eval,CV,Kliep,MKliep,KernelDensity,MKernelDensity
1429.5116998959015,470.50352722485513,895.1707119205789,nan,1357.8020914251936,511.3621688505897
