Eval,CV,Kliep,MKliep,KernelDensity,MKernelDensity
0.047872340425531915,0.05249343832020997,nan,0.04458602591732339,0.05249343832020997,0.044528799549528944
