Eval,CV,Kliep,MKliep,KernelDensity,MKernelDensity
0.015957446808510637,0.05249343832020997,nan,0.05575172864765693,0.05249343832020997,0.04285868844963212
