Eval,CV,Kliep,MKliep,KernelDensity,MKernelDensity
0.026595744680851064,0.05249343832020997,nan,0.025730209713724424,0.05249343832020997,0.026499588024607473
