Eval,CV,Kliep,MKliep,KernelDensity,MKernelDensity
0.026595744680851064,0.05249343832020997,nan,0.03740455107843673,0.05249343832020997,0.035270516734487285
