Eval,CV,Kliep,MKliep,KernelDensity,MKernelDensity
0.05319148936170213,0.05249343832020997,nan,0.06645325935377992,0.05249343832020997,0.06246660446031384
