Eval,CV,Kliep,MKliep,KernelDensity,MKernelDensity
0.0425531914893617,0.05249343832020997,nan,0.07289626071664569,0.05249343832020997,0.06355769530078068
