Eval,CV,Kliep,MKliep,KernelDensity,MKernelDensity
0.05851063829787234,0.05249343832020997,nan,0.0647122899750807,0.05249343832020997,0.05737876159968425
