Eval,CV,Kliep,MKliep,KernelDensity,MKernelDensity
0.026595744680851064,0.05249343832020997,nan,nan,0.05249343832020997,0.03826679413760039
