Eval,CV,Kliep,MKliep,KernelDensity,MKernelDensity
0.047872340425531915,0.05249343832020997,nan,0.041462089171820746,0.05249343832020997,0.040213756815593776
