Eval,CV,Kliep,MKliep,KernelDensity,MKernelDensity
0.031914893617021274,0.05249343832020997,nan,0.04311192798922283,0.05249343832020997,0.04368718883825405
