Eval,CV,Kliep,MKliep,KernelDensity,MKernelDensity
0.015957446808510637,0.05249343832020997,nan,0.04554137881399617,0.05249343832020997,0.04310103574201129
