Eval,CV,Kliep,MKliep,KernelDensity,MKernelDensity
0.0425531914893617,0.05249343832020997,nan,0.08556804889079955,0.0,0.08565419653364605
