Eval,CV,Kliep,MKliep,KernelDensity,MKernelDensity
0.09574468085106383,0.05249343832020997,nan,0.0684505944804866,0.05249343832020997,0.05557559412423692
