Eval,CV,Kliep,MKliep,KernelDensity,MKernelDensity
0.0797872340425532,0.05249343832020997,nan,0.1116206719757299,0.05249343832020997,0.08752201468096155
