Eval,CV,Kliep,MKliep,KernelDensity,MKernelDensity
0.05319148936170213,0.05249343832020997,nan,0.06826815855107786,0.05249343832020997,0.061015398939209105
