Eval,CV,Kliep,MKliep,KernelDensity,MKernelDensity
0.07446808510638298,0.05249343832020997,nan,0.07224140302744476,0.0,0.07043160008608709
