Eval,CV,Kliep,MKliep,KernelDensity,MKernelDensity
0.0851063829787234,0.05249343832020997,nan,0.07632448285491678,0.05249343832020997,0.06450103331359898
