Eval,CV,Kliep,MKliep,KernelDensity,MKernelDensity
0.026595744680851064,0.05249343832020997,nan,0.06300402001158456,0.05249343832020997,0.05974286725408072
