Eval,CV,Kliep,MKliep,KernelDensity,MKernelDensity
0.015957446808510637,0.05249343832020997,nan,0.025047471196068302,0.05249343832020997,0.02666741387335893
