Eval,CV,Kliep,MKliep,KernelDensity,MKernelDensity
0.07446808510638298,0.05249343832020997,nan,0.05225879223595177,0.05249343832020997,0.0533510633588032
