Eval,CV,Kliep,MKliep,KernelDensity,MKernelDensity
1381.2052499211677,1167.0413594947013,1175.1219782617875,nan,1126.597283541167,1337.2334663810725
