Eval,CV,Kliep,MKliep,KernelDensity,MKernelDensity
1191.1431919091274,1167.0413594947013,1164.997648308914,nan,1196.8235665955751,1241.7860573643993
