Eval,CV,Kliep,MKliep,KernelDensity,MKernelDensity
1398.675419619341,1167.0413594947013,1207.5753959861183,nan,1311.2679559768412,1531.3835181336276
