Eval,CV,Kliep,MKliep,KernelDensity,MKernelDensity
1399.9029187305541,1167.0413594947013,1176.4429258282896,nan,1341.4476042350439,1367.1093896221673
