Eval,CV,Kliep,MKliep,KernelDensity,MKernelDensity
1869.8709653703197,1167.0413594947013,1290.5083727608887,nan,1516.5432584188281,1496.0733593269447
