Eval,CV,Kliep,MKliep,KernelDensity,MKernelDensity
1750.6277420661795,1167.0413594947013,1291.3760200204576,nan,1617.3755324514723,1506.006560181687
