Eval,CV,Kliep,MKliep,KernelDensity,MKernelDensity
1515.1784457157319,1167.0413594947013,1196.3337258968888,nan,1408.0719241280879,1450.9540691529853
