Eval,CV,Kliep,MKliep,KernelDensity,MKernelDensity
1550.267104129216,1167.0413594947013,1169.4402211121183,nan,1384.544742976643,1344.421789317102
