Eval,CV,Kliep,MKliep,KernelDensity,MKernelDensity
1228.9721160015724,1167.0413594947013,1146.8347248145396,nan,1183.1761781808777,1333.9284882248921
