Eval,CV,Kliep,MKliep,KernelDensity,MKernelDensity
1256.4435345531185,1167.0413594947013,1127.0422441363662,nan,1178.1345491712425,1382.822489040513
