Eval,CV,Kliep,MKliep,KernelDensity,MKernelDensity
1658.3694921839756,1167.0413594947013,1207.5097752774134,nan,1407.0891619268314,1473.8943389537624
