Eval,CV,Kliep,MKliep,KernelDensity,MKernelDensity
1309.0406240775358,1167.0413594947013,1122.5077391980794,nan,1043.512014449567,1334.8352434724645
