Eval,CV,Kliep,MKliep,KernelDensity,MKernelDensity
1530.7094588066975,1167.0413594947013,1183.7150727136548,nan,1393.2212041926439,1528.7263940103853
