Eval,CV,Kliep,MKliep,KernelDensity,MKernelDensity
1482.7757273416044,1167.0413594947013,1178.9389736121263,nan,1413.3519766200377,1452.4149006695525
