Eval,CV,Kliep,MKliep,KernelDensity,MKernelDensity
1734.3771489347166,1167.0413594947013,1316.7432190219756,nan,1532.7602329898311,1487.5637273678026
