Eval,CV,Kliep,MKliep,KernelDensity,MKernelDensity
1812.518077255712,1167.0413594947013,1220.4833084929373,nan,1515.4277958460143,1258.933387864625
