Eval,CV,Kliep,MKliep,KernelDensity,MKernelDensity
1266.5644711728733,1167.0413594947013,1113.0208464072248,nan,1363.3228731649315,1507.3309001314653
