Eval,CV,Kliep,MKliep,KernelDensity,MKernelDensity
1499.844681299163,1167.0413594947013,1179.1616622505683,nan,1377.1363709365362,1337.7328088712788
