Eval,CV,Kliep,MKliep,KernelDensity,MKernelDensity
1400.2206214494004,1167.0413594947013,1207.2716935056396,nan,1437.4904841607306,1478.0411580287655
