Eval,CV,Kliep,MKliep,KernelDensity,MKernelDensity
1773.0110471486228,1167.0413594947013,1228.173657879692,nan,1498.7459463898613,1241.9396785719116
