Eval,CV,Kliep,MKliep,KernelDensity,MKernelDensity
0.3879310344827586,0.11063829787234042,0.04450465338844698,0.15547081985352332,0.03371390845847255,0.12297095739884399
