Eval,CV,Kliep,MKliep,KernelDensity,MKernelDensity
0.19827586206896552,0.11063829787234042,0.04757022077911056,0.10617618806780893,0.01923531254001114,0.09844944579630195
