Eval,CV,Kliep,MKliep,KernelDensity,MKernelDensity
0.33620689655172414,0.11063829787234042,0.053408439949733696,0.13963684637960136,0.046595164346139,0.11571009415659354
