Eval,CV,Kliep,MKliep,KernelDensity,MKernelDensity
0.14655172413793102,0.11063829787234042,0.03914791467681181,0.09751501483635094,0.017617496411363506,0.08826985994147511
