Eval,CV,Kliep,MKliep,KernelDensity,MKernelDensity
0.1810344827586207,0.11063829787234042,0.0320592245061635,0.08603696288351129,0.0135414279205135,0.08389107783207
