Eval,CV,Kliep,MKliep,KernelDensity,MKernelDensity
0.15517241379310345,0.11063829787234042,0.04577479573804876,0.08703061246531393,0.027639389674071452,0.08323944792816688
