Eval,CV,Kliep,MKliep,KernelDensity,MKernelDensity
0.28448275862068967,0.11063829787234042,0.0563775565633806,0.1393285371686432,0.05989345279474278,0.12739291936443445
