Eval,CV,Kliep,MKliep,KernelDensity,MKernelDensity
0.20689655172413793,0.11063829787234042,0.05269676118725658,0.11878890364798561,0.0220100530232247,0.09644953673804024
