Eval,CV,Kliep,MKliep,KernelDensity,MKernelDensity
0.3103448275862069,0.11063829787234042,0.05510750379558333,0.15403933567481543,0.044446799410086175,0.12502366434886267
