Eval,CV,Kliep,MKliep,KernelDensity,MKernelDensity
0.21551724137931033,0.11063829787234042,0.05167349640357599,0.11353109992611586,0.018663056029513635,0.09894489476309067
