Eval,CV,Kliep,MKliep,KernelDensity,MKernelDensity
0.33620689655172414,0.11063829787234042,0.04860857114378497,0.14707145456240373,0.042043688336351616,0.11930503600203396
