Eval,CV,Kliep,MKliep,KernelDensity,MKernelDensity
0.3448275862068966,0.11063829787234042,0.041168704965738045,0.1586615676334785,0.06924675131192032,0.13471936052976563
