Eval,CV,Kliep,MKliep,KernelDensity,MKernelDensity
0.11206896551724138,0.11063829787234042,0.033415187088308845,0.08592912849492294,0.03797724139037042,0.07872364233260087
