Eval,CV,Kliep,MKliep,KernelDensity,MKernelDensity
0.14655172413793102,0.11063829787234042,0.04932559075726582,0.10333117388097254,0.0215747433757158,0.09236324541797032
