Eval,CV,Kliep,MKliep,KernelDensity,MKernelDensity
0.3448275862068966,0.11063829787234042,0.056822771064609465,0.11858812890779452,0.03923244575823595,0.10844141186014938
