Eval,CV,Kliep,MKliep,KernelDensity,MKernelDensity
0.31896551724137934,0.11063829787234042,0.04672760899455386,0.13352944679658296,0.03189903304258873,0.1291362255070852
