Eval,CV,Kliep,MKliep,KernelDensity,MKernelDensity
0.33620689655172414,0.11063829787234042,0.056756888809156025,0.20720755938804253,0.08896662082892529,0.14027559899739855
