Eval,CV,Kliep,MKliep,KernelDensity,MKernelDensity
0.3103448275862069,0.11063829787234042,0.060653490698195284,0.1525003147790025,0.057196198778512786,0.1337707426737496
