Eval,CV,Kliep,MKliep,KernelDensity,MKernelDensity
0.3706896551724138,0.11063829787234042,0.06960113813231622,0.1702972067716533,0.06336827480926097,0.146714196682169
