Eval,CV,Kliep,MKliep,KernelDensity,MKernelDensity
0.14655172413793102,0.11063829787234042,0.043990427836180276,0.08244772448420234,0.03285884075267623,0.07773349853107334
