Eval,CV,Kliep,MKliep,KernelDensity,MKernelDensity
2.7323513500141416,1.5094539132484792,1.5876414402718138,1.666849337285776,1.5573150255806656,1.6749364618770863
