Eval,CV,Kliep,MKliep,KernelDensity,MKernelDensity
2.0206729331181243,1.5094539132484792,1.5426906570674088,1.5849847199814742,1.5391460305617932,1.5907444995287325
