Eval,CV,Kliep,MKliep,KernelDensity,MKernelDensity
2.3156442847369716,1.5094539132484792,1.607546507478593,1.6289044563648096,1.576506451225817,1.6258251701559925
