Eval,CV,Kliep,MKliep,KernelDensity,MKernelDensity
1.647534947419258,1.5094539132484792,1.6113178351441964,1.6411420762799234,1.5912291103314804,1.6518010997686985
