Eval,CV,Kliep,MKliep,KernelDensity,MKernelDensity
3.289297771108377,1.5094539132484792,1.6514499497645294,1.738596988552664,1.6066018879258885,1.7475743139020306
