Eval,CV,Kliep,MKliep,KernelDensity,MKernelDensity
2.238532582291187,1.5094539132484792,1.6192137860931708,1.0734690736856174,1.6066608686370434,1.6967724687247294
