Eval,CV,Kliep,MKliep,KernelDensity,MKernelDensity
2.3628471156928406,1.5094539132484792,1.4760004612871516,0.8772172112913211,1.4700763131142158,1.5079536177041941
