Eval,CV,Kliep,MKliep,KernelDensity,MKernelDensity
2.501832143148877,1.5094539132484792,1.5639711262660847,1.626375398843395,1.5371171534593495,1.6336240251603613
