Eval,CV,Kliep,MKliep,KernelDensity,MKernelDensity
2.1060204165198955,1.5094539132484792,1.507457334378088,2.2461504022897856,1.4922729324893034,1.5204369129555058
