Eval,CV,Kliep,MKliep,KernelDensity,MKernelDensity
5.059917892599515,1.5094539132484792,1.8747700349509733,0.8599906941344252,1.636178034116492,1.8670939241869138
