Eval,CV,Kliep,MKliep,KernelDensity,MKernelDensity
3.08008569552847,1.5094539132484792,1.1344406602729193,0.8744449084667845,1.623074298077496,1.755281652416114
