Eval,CV,Kliep,MKliep,KernelDensity,MKernelDensity
2.9303068967041135,1.5094539132484792,1.5383252359875177,1.6122084592647963,1.5200377051149554,1.6241107583494045
