Eval,CV,Kliep,MKliep,KernelDensity,MKernelDensity
3.299957612752433,1.5094539132484792,1.6472416190432901,1.7122667673353602,1.5969171123576409,1.7155940396736231
