Eval,CV,Kliep,MKliep,KernelDensity,MKernelDensity
2.145287737506577,1.5094539132484792,0.9242542959323449,1.585264030629381,1.5479830660770673,1.5853735093932337
