Eval,CV,Kliep,MKliep,KernelDensity,MKernelDensity
1.6257861287944935,1.5094539132484792,1.557010460630513,2.2766182641584423,1.5553950567887092,1.5746038075414577
