Eval,CV,Kliep,MKliep,KernelDensity,MKernelDensity
2.2228992416287046,1.5094539132484792,1.5434904690145221,1.5882361938946243,1.538345260632195,1.5953665581025616
