Eval,CV,Kliep,MKliep,KernelDensity,MKernelDensity
2.420105307492552,1.5094539132484792,1.2736522099981287,0.8645294558537515,1.5878943715758294,1.6671705291418633
