Eval,CV,Kliep,MKliep,KernelDensity,MKernelDensity
2.759242062579533,1.5094539132484792,1.4743680288603798,1.5419373022861669,1.4876320390085012,1.5502611275000584
