Eval,CV,Kliep,MKliep,KernelDensity,MKernelDensity
2.6843007141333963,1.5094539132484792,1.539398147190671,1.6144685307540054,1.518832428334675,1.6190821293247237
