Eval,CV,Kliep,MKliep,KernelDensity,MKernelDensity
0.06382978723404255,0.047244094488188976,nan,0.021803663374928655,0.0,0.020609084592891878
