Eval,CV,Kliep,MKliep,KernelDensity,MKernelDensity
0.03723404255319149,0.047244094488188976,nan,0.01470115541464517,0.047244094488188976,0.0222916732385074
