Eval,CV,Kliep,MKliep,KernelDensity,MKernelDensity
0.03723404255319149,0.047244094488188976,nan,0.04454079470927506,0.047244094488188976,0.03830227758638883
