Eval,CV,Kliep,MKliep,KernelDensity,MKernelDensity
0.0425531914893617,0.047244094488188976,nan,0.03678920347514425,0.047244094488188976,0.02824777168529315
