Eval,CV,Kliep,MKliep,KernelDensity,MKernelDensity
0.031914893617021274,0.047244094488188976,nan,0.04153971918074256,0.047244094488188976,0.015859227903704507
