Eval,CV,Kliep,MKliep,KernelDensity,MKernelDensity
0.05319148936170213,0.047244094488188976,nan,0.01996179252127362,0.0,0.025516827839202928
