Eval,CV,Kliep,MKliep,KernelDensity,MKernelDensity
0.03723404255319149,0.047244094488188976,nan,0.027471964428571104,0.047244094488188976,0.030823684607976045
