Eval,CV,Kliep,MKliep,KernelDensity,MKernelDensity
0.031914893617021274,0.047244094488188976,nan,0.02991564045174888,0.047244094488188976,0.014174406689362363
