Eval,CV,Kliep,MKliep,KernelDensity,MKernelDensity
0.047872340425531915,0.047244094488188976,nan,0.030042529037837697,0.0,0.022171446801392394
