Eval,CV,Kliep,MKliep,KernelDensity,MKernelDensity
0.03723404255319149,0.047244094488188976,nan,0.03957057072285053,0.047244094488188976,0.037858917220930474
