Eval,CV,Kliep,MKliep,KernelDensity,MKernelDensity
0.010638297872340425,0.047244094488188976,nan,0.009413466078186522,0.047244094488188976,0.020223190427587176
