Eval,CV,Kliep,MKliep,KernelDensity,MKernelDensity
0.015957446808510637,0.047244094488188976,nan,0.022100815055457274,0.047244094488188976,0.008570172152541522
