Eval,CV,Kliep,MKliep,KernelDensity,MKernelDensity
0.047872340425531915,0.047244094488188976,nan,0.045794526879738166,0.047244094488188976,0.024369099538363893
