Eval,CV,Kliep,MKliep,KernelDensity,MKernelDensity
0.047872340425531915,0.047244094488188976,nan,0.03434950870309555,0.047244094488188976,0.021850512998344816
