Eval,CV,Kliep,MKliep,KernelDensity,MKernelDensity
0.05851063829787234,0.047244094488188976,nan,0.023846717315786595,0.0,0.025661041086275573
