Eval,CV,Kliep,MKliep,KernelDensity,MKernelDensity
0.031914893617021274,0.047244094488188976,nan,0.02749360779092151,0.0,0.03630214518929351
