Eval,CV,Kliep,MKliep,KernelDensity,MKernelDensity
0.03723404255319149,0.047244094488188976,nan,0.02072456598363169,0.0,0.021476493197807787
