Eval,CV,Kliep,MKliep,KernelDensity,MKernelDensity
0.0425531914893617,0.047244094488188976,nan,0.02769996927211012,0.047244094488188976,0.02411677763618204
