Eval,CV,Kliep,MKliep,KernelDensity,MKernelDensity
0.0425531914893617,0.047244094488188976,nan,0.04910281221380407,0.047244094488188976,0.04466266253603355
