Eval,CV,Kliep,MKliep,KernelDensity,MKernelDensity
0.7524752475247525,0.2634146341463415,0.27625533267159064,0.26514125635583236,0.3571428571428571,0.2774594733160957
