Eval,CV,Kliep,MKliep,KernelDensity,MKernelDensity
0.6237623762376238,0.2634146341463415,0.15560932479533174,0.25449528966915486,0.14285714285714285,0.25749537580861437
