Eval,CV,Kliep,MKliep,KernelDensity,MKernelDensity
0.1188118811881188,0.2634146341463415,0.2610260859126183,0.20691346450344403,0.09090909090909242,0.21305387558187325
