Eval,CV,Kliep,MKliep,KernelDensity,MKernelDensity
0.7227722772277227,0.2634146341463415,0.2862231362507016,0.25729550955718355,0.1500000000000009,0.26991173286152154
