Eval,CV,Kliep,MKliep,KernelDensity,MKernelDensity
0.8811881188118812,0.2634146341463415,0.1097265367372616,0.281788304180964,0.04545454545454635,0.28939719279769577
