Eval,CV,Kliep,MKliep,KernelDensity,MKernelDensity
0.8316831683168316,0.2634146341463415,0.2054693295814405,0.28778544742384793,0.3076923076923068,0.27905258712705144
