Eval,CV,Kliep,MKliep,KernelDensity,MKernelDensity
0.39603960396039606,0.2634146341463415,0.18739968306929133,0.2451974258878561,2.058959063850278e-15,0.24923028046858262
