Eval,CV,Kliep,MKliep,KernelDensity,MKernelDensity
0.9900990099009901,0.2634146341463415,0.1982580364111651,0.2820267500572989,0.33333333333333337,0.2916264357357089
