Eval,CV,Kliep,MKliep,KernelDensity,MKernelDensity
0.8514851485148515,0.2634146341463415,0.11547483347811262,0.2947953490754046,0.08333333333333585,0.28356777959358187
