Eval,CV,Kliep,MKliep,KernelDensity,MKernelDensity
0.09900990099009901,0.2634146341463415,0.1433310867232703,0.20946256313511447,2.516505522483663e-15,0.21864460760110244
