Eval,CV,Kliep,MKliep,KernelDensity,MKernelDensity
0.1485148514851485,0.2634146341463415,0.21687937413737943,0.21536127258789958,0.09090909090909184,0.20808357528154345
