Eval,CV,Kliep,MKliep,KernelDensity,MKernelDensity
0.693069306930693,0.2634146341463415,0.28798790793815326,0.2551668038012128,0.20000000000000065,0.25159700691576115
