Eval,CV,Kliep,MKliep,KernelDensity,MKernelDensity
0.6138613861386139,0.2634146341463415,0.16402847867395895,0.2524149265082977,2.2648549702352892e-15,0.255732055378231
