Eval,CV,Kliep,MKliep,KernelDensity,MKernelDensity
0.8811881188118812,0.2634146341463415,0.3093095778369017,0.30477907108039454,0.11111111111111109,0.2951653558628405
