Eval,CV,Kliep,MKliep,KernelDensity,MKernelDensity
0.38613861386138615,0.2634146341463415,0.18539453209129889,0.2340262640773731,3.0198066269803894e-15,0.24422127849057387
