Eval,CV,Kliep,MKliep,KernelDensity,MKernelDensity
0.9108910891089109,0.2634146341463415,0.2598674360746176,0.2812977575348717,0.24999999999999786,0.27307744536365913
