Eval,CV,Kliep,MKliep,KernelDensity,MKernelDensity
0.009900990099009901,0.2634146341463415,0.15190047477801766,0.20569671906116796,0.0,0.1995017772984047
