Eval,CV,Kliep,MKliep,KernelDensity,MKernelDensity
0.8514851485148515,0.2634146341463415,0.29897927959624704,0.28175576393618723,0.34999999999999876,0.28761752937456714
