Eval,CV,Kliep,MKliep,KernelDensity,MKernelDensity
0.26732673267326734,0.2634146341463415,0.207486022884974,0.23218487115207181,0.1764705882352949,0.2393379211830697
