Eval,CV,Kliep,MKliep,KernelDensity,MKernelDensity
0.06930693069306931,0.2634146341463415,0.1810989067884429,0.1997949469276851,3.774758283725476e-15,0.2102607798660379
