Eval,CV,Kliep,MKliep,KernelDensity,MKernelDensity
1.0,0.2634146341463415,0.09007302023160611,0.29485414341466404,0.3333333333333308,0.3133659490796042
