Eval,CV,Kliep,MKliep,KernelDensity,MKernelDensity
0.13861386138613863,0.2634146341463415,0.11552617651226424,0.22622656476944913,0.11764705882353067,0.2276769814741171
