Eval,CV,Kliep,MKliep,KernelDensity,MKernelDensity
1.0,0.2634146341463415,0.26647166156977026,0.2799554923856864,0.6666666666666667,0.2988938183185458
