Eval,CV,Kliep,MKliep,KernelDensity,MKernelDensity
0.39603960396039606,0.2634146341463415,0.05933988134497182,0.2495876089324915,0.18181818181818254,0.2579633200350154
