Eval,CV,Kliep,MKliep,KernelDensity,MKernelDensity
0.6534653465346535,0.2634146341463415,0.1484200277354261,0.2762070044554783,0.3333333333333314,0.30430718020000885
