Eval,CV,Kliep,MKliep,KernelDensity,MKernelDensity
0.2871287128712871,0.2634146341463415,0.09568395827441344,0.2248572651748571,0.14285714285714654,0.23683347192030416
