Eval,CV,Kliep,MKliep,KernelDensity,MKernelDensity
0.019801980198019802,0.2634146341463415,0.15045082199172596,0.21319017740245763,0.06249999999999999,0.21592921622809724
