Eval,CV,Kliep,MKliep,KernelDensity,MKernelDensity
0.22772277227722773,0.2634146341463415,0.1370995733469157,0.2467516397289216,0.14285714285714282,0.24254885618495356
