Eval,CV,Kliep,MKliep,KernelDensity,MKernelDensity
0.0297029702970297,0.2634146341463415,0.21253334034628435,0.2259738417403391,0.16666666666666669,0.22697101357225516
