Eval,CV,Kliep,MKliep,KernelDensity,MKernelDensity
0.5544554455445545,0.2634146341463415,0.1272041447460712,0.2908597690532217,0.18181818181818254,0.3010120050888222
