Eval,CV,Kliep,MKliep,KernelDensity,MKernelDensity
0.0297029702970297,0.2634146341463415,0.17774319402703528,0.24143874464387446,0.2500000000000021,0.24346283607388475
