Eval,CV,Kliep,MKliep,KernelDensity,MKernelDensity
0.8712871287128713,0.2634146341463415,0.2648066085107534,0.29234351287178706,1.0,0.3378848151026783
