Eval,CV,Kliep,MKliep,KernelDensity,MKernelDensity
0.9504950495049505,0.2634146341463415,0.17911391681237893,0.23719839035755566,0.25,0.305969550742464
