Eval,CV,Kliep,MKliep,KernelDensity,MKernelDensity
0.2871287128712871,0.2634146341463415,0.0924331650330452,0.21967204047418157,0.08333333333333569,0.22552481362965088
