Eval,CV,Kliep,MKliep,KernelDensity,MKernelDensity
0.8415841584158416,0.2634146341463415,0.08013452818434606,0.2530586817691389,0.20000000000000093,0.3138977412021789
