Eval,CV,Kliep,MKliep,KernelDensity,MKernelDensity
0.46534653465346537,0.2634146341463415,0.04676985706051363,0.2348468470059012,0.13333333333333333,0.24936461928764733
