Eval,CV,Kliep,MKliep,KernelDensity,MKernelDensity
0.36633663366336633,0.2634146341463415,0.14597839549198385,0.22833781109072912,0.08333333333333802,0.24778829110942968
