Eval,CV,Kliep,MKliep,KernelDensity,MKernelDensity
0.25742574257425743,0.2634146341463415,0.32182765057769414,0.22657940450499317,0.2499999999999993,0.23071349330681562
