Eval,CV,Kliep,MKliep,KernelDensity,MKernelDensity
0.1188118811881188,0.2634146341463415,0.13034962687798005,0.2078538280752097,7.549516567450809e-15,0.21367437868002234
