Eval,CV,Kliep,MKliep,KernelDensity,MKernelDensity
0.6633663366336634,0.2634146341463415,0.3141530465668311,0.2768590231750904,0.08333333333333584,0.27591522246693195
