Eval,CV,Kliep,MKliep,KernelDensity,MKernelDensity
0.0,0.04,0.046500282888168876,0.03650626820670267,0.039000103426082317,0.03578296010778254
