Eval,CV,Kliep,MKliep,KernelDensity,MKernelDensity
0.0,0.04,0.04836105285708921,0.031678161648779526,0.024702075397706434,0.031211580335701605
