Eval,CV,Kliep,MKliep,KernelDensity,MKernelDensity
0.0,0.04,0.018673642837626382,0.013016049916567431,0.018327865249864756,0.013256470170360725
