Eval,CV,Kliep,MKliep,KernelDensity,MKernelDensity
0.0,0.04,0.031059578603155894,0.06033662391068518,0.035950815134575834,0.061720815876564306
