Eval,CV,Kliep,MKliep,KernelDensity,MKernelDensity
0.0,0.04,0.056756720871738525,0.04004378489351804,0.0338354663475787,0.039143523679220575
