Eval,CV,Kliep,MKliep,KernelDensity,MKernelDensity
0.0,0.04,0.026984502922033773,0.02106218608317227,0.01709119518460966,0.020588890468976388
