Eval,CV,Kliep,MKliep,KernelDensity,MKernelDensity
0.0,0.04,0.058843871845528216,0.03812663273753121,0.042605467150172736,0.03627782297939904
