Eval,CV,Kliep,MKliep,KernelDensity,MKernelDensity
0.0,0.04,0.03916696404311159,0.04377478928143663,0.031918936005798725,0.0424615244371278
