Eval,CV,Kliep,MKliep,KernelDensity,MKernelDensity
0.0,0.04,0.057775893829253924,0.028038008533693235,0.03215104811921536,0.027984471480561043
