Eval,CV,Kliep,MKliep,KernelDensity,MKernelDensity
0.0,0.04,0.021465914949849577,0.025212478248600904,0.02663448482267911,0.02648457883906459
