Eval,CV,Kliep,MKliep,KernelDensity,MKernelDensity
0.0,0.04,0.06323237662902229,0.0653970448349747,0.060161637999153195,0.06483669022520454
