Eval,CV,Kliep,MKliep,KernelDensity,MKernelDensity
0.0,0.04,0.029503718454426932,0.019803572956779637,0.01782480315848133,0.019453115791335462
