Eval,CV,Kliep,MKliep,KernelDensity,MKernelDensity
0.0,0.04,0.054362576409260475,0.054116719013165816,0.047398207598660314,0.05313856608582676
