Eval,CV,Kliep,MKliep,KernelDensity,MKernelDensity
0.0,0.04,0.0465508087490626,0.04993186918307729,0.04055813754026428,0.05054499227765013
