Eval,CV,Kliep,MKliep,KernelDensity,MKernelDensity
0.0,0.04,0.03156500406382104,0.03083352999807688,0.029132289487481387,0.02995413519906197
