Eval,CV,Kliep,MKliep,KernelDensity,MKernelDensity
0.0,0.04,0.03265952024513327,0.04456836594463121,0.03165129237001265,0.043454089524958606
