Eval,CV,Kliep,MKliep,KernelDensity,MKernelDensity
0.0,0.04,0.0425242577956901,0.06199766305398006,0.032856860030950764,0.058925659366597764
