Eval,CV,Kliep,MKliep,KernelDensity,MKernelDensity
0.0,0.04,0.04877688740955063,0.03183292538656052,0.02928935308471184,0.03127479238266544
