Eval,CV,Kliep,MKliep,KernelDensity,MKernelDensity
0.0,0.04,0.02889807908220947,0.02342284549961942,0.019635489450575208,0.022989983932971202
