Eval,CV,Kliep,MKliep,KernelDensity,MKernelDensity
0.0,0.04,0.030225819369076454,0.0382096562640651,0.025257982531428445,0.033075744908139845
