Eval,CV,Kliep,MKliep,KernelDensity,MKernelDensity
0.06,0.02,0.02565732511441855,0.028539597962212573,0.018468354265260792,0.02820823688611572
