Eval,CV,Kliep,MKliep,KernelDensity,MKernelDensity
0.0,0.02,0.012756420976074118,0.035131153199569234,0.011351998783985528,0.03410260238016285
