Eval,CV,Kliep,MKliep,KernelDensity,MKernelDensity
0.0,0.02,0.020352985233341014,0.024093061979187987,0.011452016274011496,0.027055010130300327
