Eval,CV,Kliep,MKliep,KernelDensity,MKernelDensity
0.12,0.02,0.023016412797459092,0.010719992537514522,0.015911823276149595,0.008295398324254714
