Eval,CV,Kliep,MKliep,KernelDensity,MKernelDensity
0.0,0.02,0.018148115952964842,0.029143358632705736,0.011596177613493259,0.028274526943460485
