Eval,CV,Kliep,MKliep,KernelDensity,MKernelDensity
0.04,0.02,0.026223746001783857,0.015975737900029402,0.02300654826329596,0.01413365131103758
