Eval,CV,Kliep,MKliep,KernelDensity,MKernelDensity
0.06,0.02,0.02240871983942612,0.018999883758227257,0.01890057061226943,0.01888598866457832
