Eval,CV,Kliep,MKliep,KernelDensity,MKernelDensity
0.0,0.02,0.014630487241571686,0.02342124294879246,0.005830975707269217,0.019970159364553538
