Eval,CV,Kliep,MKliep,KernelDensity,MKernelDensity
0.04,0.02,0.01761137156632564,0.010067968870274623,0.013933969489449584,0.009418681540692612
