Eval,CV,Kliep,MKliep,KernelDensity,MKernelDensity
0.16,0.02,0.026215971301509978,0.019360293068625058,0.025791463064853602,0.018904421099507972
