Eval,CV,Kliep,MKliep,KernelDensity,MKernelDensity
0.0,0.02,0.020450452116999543,0.028384578894513766,0.013476334433080182,0.028242709716827782
