Eval,CV,Kliep,MKliep,KernelDensity,MKernelDensity
0.0,0.02,0.013099896066380868,0.02692834162488489,0.007991649099266453,0.027034762685193718
