Eval,CV,Kliep,MKliep,KernelDensity,MKernelDensity
0.0,0.02,0.03278593881670841,0.04192097948956921,0.020479322107947836,0.05295192246308204
