Eval,CV,Kliep,MKliep,KernelDensity,MKernelDensity
0.1,0.02,0.014665073621605027,0.012896678204758505,0.014029540346903482,0.012984851683308091
