Eval,CV,Kliep,MKliep,KernelDensity,MKernelDensity
0.04,0.02,0.016764168911952062,0.02467585182271541,0.00986291964282632,0.024711757007891105
