Eval,CV,Kliep,MKliep,KernelDensity,MKernelDensity
0.06,0.02,0.0172252011246413,0.0265743481747888,0.012180613151870674,0.018868694542973644
