Eval,CV,Kliep,MKliep,KernelDensity,MKernelDensity
0.0,0.02,0.021097347508215857,0.04006200643942757,0.016988066239228203,0.04588538963934805
