Eval,CV,Kliep,MKliep,KernelDensity,MKernelDensity
0.04,0.02,0.02538357573912715,0.013961567544242192,0.018311229247669977,0.012977442440126764
