Eval,CV,Kliep,MKliep,KernelDensity,MKernelDensity
0.06,0.02,0.025485619632381974,0.01706306964560429,0.01697392168329944,0.016540182276052248
