Eval,CV,Kliep,MKliep,KernelDensity,MKernelDensity
0.0,0.02,0.01447609379062636,0.033788558614596814,0.017639527722551552,0.034136654550121465
