Eval,CV,Kliep,MKliep,KernelDensity,MKernelDensity
0.10638297872340426,0.04199475065616798,nan,0.06058324143293242,0.04199475065616798,0.0665691508646633
