Eval,CV,Kliep,MKliep,KernelDensity,MKernelDensity
0.03723404255319149,0.04199475065616798,nan,0.028063061313118066,0.04199475065616798,0.03407780409289049
