Eval,CV,Kliep,MKliep,KernelDensity,MKernelDensity
0.026595744680851064,0.04199475065616798,nan,0.03179376076339218,0.0,0.03450828542415373
