Eval,CV,Kliep,MKliep,KernelDensity,MKernelDensity
0.05851063829787234,0.04199475065616798,nan,0.06380556409614059,0.04199475065616798,0.062498519683304575
