Eval,CV,Kliep,MKliep,KernelDensity,MKernelDensity
0.015957446808510637,0.04199475065616798,nan,0.04158634901792245,0.0,0.041737871803016934
