Eval,CV,Kliep,MKliep,KernelDensity,MKernelDensity
0.06914893617021277,0.04199475065616798,nan,0.05430438993341513,0.04199475065616798,0.047543414133960786
