Eval,CV,Kliep,MKliep,KernelDensity,MKernelDensity
0.12234042553191489,0.04199475065616798,nan,0.05948308877545836,0.04199475065616798,0.07797793239002714
