Eval,CV,Kliep,MKliep,KernelDensity,MKernelDensity
0.09042553191489362,0.04199475065616798,nan,0.05457273489349661,0.04199475065616798,0.0627502045397958
