Eval,CV,Kliep,MKliep,KernelDensity,MKernelDensity
0.0797872340425532,0.04199475065616798,nan,0.034992004628226686,0.04199475065616798,0.04267291998853239
