Eval,CV,Kliep,MKliep,KernelDensity,MKernelDensity
0.09574468085106383,0.04199475065616798,nan,0.0578826604383689,0.04199475065616798,0.06542061357436468
