Eval,CV,Kliep,MKliep,KernelDensity,MKernelDensity
0.015957446808510637,0.04199475065616798,nan,0.02970024519132497,0.04199475065616798,0.03527186462049211
