Eval,CV,Kliep,MKliep,KernelDensity,MKernelDensity
0.07446808510638298,0.04199475065616798,nan,0.06388190286667854,0.04199475065616798,0.05755786179944725
