Eval,CV,Kliep,MKliep,KernelDensity,MKernelDensity
0.0851063829787234,0.04199475065616798,nan,0.05565041470166968,0.04199475065616798,0.053250704686283803
