Eval,CV,Kliep,MKliep,KernelDensity,MKernelDensity
0.03723404255319149,0.04199475065616798,nan,0.03508118181804631,0.0,0.03475410931125288
