Eval,CV,Kliep,MKliep,KernelDensity,MKernelDensity
0.047872340425531915,0.04199475065616798,nan,0.04089792766977623,0.04199475065616798,0.047013717669824685
