Eval,CV,Kliep,MKliep,KernelDensity,MKernelDensity
0.047872340425531915,0.04199475065616798,nan,0.0532024501015107,0.04199475065616798,0.061124682812788954
