Eval,CV,Kliep,MKliep,KernelDensity,MKernelDensity
0.031914893617021274,0.04199475065616798,nan,0.029281018661828074,0.0,0.030202199304508435
