Eval,CV,Kliep,MKliep,KernelDensity,MKernelDensity
0.026595744680851064,0.04199475065616798,nan,0.06105008036907507,0.04199475065616798,0.04677956267329616
