Eval,CV,Kliep,MKliep,KernelDensity,MKernelDensity
0.09042553191489362,0.04199475065616798,nan,0.06080151282297714,0.04199475065616798,0.06796320248788486
