Eval,CV,Kliep,MKliep,KernelDensity,MKernelDensity
0.4057971014492754,0.2446043165467626,0.2536078278672636,0.2793985113866464,0.3235593846513756,0.2862398910224254
