Eval,CV,Kliep,MKliep,KernelDensity,MKernelDensity
0.2608695652173913,0.2446043165467626,0.27386368288967894,0.3447284027255438,0.32685346860930076,0.28834648652913103
