Eval,CV,Kliep,MKliep,KernelDensity,MKernelDensity
0.2898550724637681,0.2446043165467626,0.2696475722018442,0.2523961226622443,0.2571073605877445,0.2609477494658583
