Eval,CV,Kliep,MKliep,KernelDensity,MKernelDensity
0.2898550724637681,0.2446043165467626,0.2579864311872471,0.28704151427083946,0.3418001002471473,0.28167355742415534
