Eval,CV,Kliep,MKliep,KernelDensity,MKernelDensity
0.34782608695652173,0.2446043165467626,0.259297819188544,0.30724324526929087,0.4688558556671565,0.3235961632681809
