Eval,CV,Kliep,MKliep,KernelDensity,MKernelDensity
0.3333333333333333,0.2446043165467626,0.27670861625581794,0.28892966382551677,0.2876075117196483,0.2905007810538359
