Eval,CV,Kliep,MKliep,KernelDensity,MKernelDensity
0.36231884057971014,0.2446043165467626,0.24389915112761337,0.3011171900814255,0.3828390633605349,0.283364399614619
