Eval,CV,Kliep,MKliep,KernelDensity,MKernelDensity
0.391304347826087,0.2446043165467626,0.2612343525821357,0.2658792704265828,0.250492730623077,0.2648565118388161
