Eval,CV,Kliep,MKliep,KernelDensity,MKernelDensity
0.21739130434782608,0.2446043165467626,0.25830456002957325,0.2742029826918898,0.3220850763886425,0.2886598046224998
