Eval,CV,Kliep,MKliep,KernelDensity,MKernelDensity
0.30434782608695654,0.2446043165467626,0.24050478488789384,0.2654582811208369,0.25415544855623673,0.2735364546004295
