Eval,CV,Kliep,MKliep,KernelDensity,MKernelDensity
0.3333333333333333,0.2446043165467626,0.2737918575926285,0.286168518988911,0.3486769119999914,0.26910035343299393
