Eval,CV,Kliep,MKliep,KernelDensity,MKernelDensity
0.36231884057971014,0.2446043165467626,0.26820765472133734,0.3178257950608588,0.2822580956093377,0.2835191665249121
