Eval,CV,Kliep,MKliep,KernelDensity,MKernelDensity
0.30434782608695654,0.2446043165467626,0.2610109861784728,0.2922676122965259,0.3675629678929038,0.31239267796580783
