Eval,CV,Kliep,MKliep,KernelDensity,MKernelDensity
0.2463768115942029,0.2446043165467626,0.2657707565699255,0.2961439962878748,0.2630849042268482,0.3018873131477288
