Eval,CV,Kliep,MKliep,KernelDensity,MKernelDensity
0.2898550724637681,0.2446043165467626,0.27718283878725747,0.29270785960408724,0.29094177720406195,0.296746075228744
