Eval,CV,Kliep,MKliep,KernelDensity,MKernelDensity
0.2753623188405797,0.2446043165467626,0.2380711505263559,0.30072636724708834,0.30047478463258137,0.32823385590337717
