Eval,CV,Kliep,MKliep,KernelDensity,MKernelDensity
0.3188405797101449,0.2446043165467626,0.24794495586190465,0.258902124421525,0.3036557342133253,0.25935547539589726
