Eval,CV,Kliep,MKliep,KernelDensity,MKernelDensity
0.2898550724637681,0.2446043165467626,0.2506801561930719,0.25737903414045427,0.4097129044386602,0.2699558214750898
