Eval,CV,Kliep,MKliep,KernelDensity,MKernelDensity
0.391304347826087,0.2446043165467626,0.2563708376729125,0.306748700031126,0.3528012174043479,0.3170900543284843
