Eval,CV,Kliep,MKliep,KernelDensity,MKernelDensity
0.2318840579710145,0.2446043165467626,0.2433784401940493,0.28032119993474963,0.26833236553043277,0.2626491051701813
