Eval,CV,Kliep,MKliep,KernelDensity,MKernelDensity
0.21551724137931033,0.12340425531914893,0.09765888120697339,0.16731253572017699,0.1046853870699775,0.13904897139088934
