Eval,CV,Kliep,MKliep,KernelDensity,MKernelDensity
0.1810344827586207,0.12340425531914893,0.09284578756760205,0.14543759464634895,0.08558218399256394,0.13008507763374666
