Eval,CV,Kliep,MKliep,KernelDensity,MKernelDensity
0.1896551724137931,0.12340425531914893,0.04986764689963877,0.13933825003110822,0.09042044404740991,0.1298055628052543
