Eval,CV,Kliep,MKliep,KernelDensity,MKernelDensity
0.2413793103448276,0.12340425531914893,0.07111219599950018,0.1353286736996746,0.06070536615627749,0.15424431041772446
