Eval,CV,Kliep,MKliep,KernelDensity,MKernelDensity
0.20689655172413793,0.12340425531914893,0.10742230498219414,0.19213676505578656,0.0899312174382261,0.1645727107422957
