Eval,CV,Kliep,MKliep,KernelDensity,MKernelDensity
0.11206896551724138,0.12340425531914893,0.08126147067766518,0.13464734768743428,0.07719812732532201,0.12152782828240803
