Eval,CV,Kliep,MKliep,KernelDensity,MKernelDensity
0.11206896551724138,0.12340425531914893,0.050165133488025974,0.11902152196277473,0.03653436720318879,0.11089989597278675
