Eval,CV,Kliep,MKliep,KernelDensity,MKernelDensity
0.20689655172413793,0.12340425531914893,0.05890825757150897,0.1476600077131389,0.06225808439667391,0.14041405147610134
