Eval,CV,Kliep,MKliep,KernelDensity,MKernelDensity
0.09482758620689655,0.12340425531914893,0.07140758368259079,0.12742199727214587,0.02988133116655939,0.1121055478569609
