Eval,CV,Kliep,MKliep,KernelDensity,MKernelDensity
0.16379310344827586,0.12340425531914893,0.05664760421407549,0.10890409176956858,0.02615954276601211,0.10377629584871678
