Eval,CV,Kliep,MKliep,KernelDensity,MKernelDensity
0.1724137931034483,0.12340425531914893,0.09298814872332414,0.17738368450830233,0.06287017735329417,0.15506684091029269
