Eval,CV,Kliep,MKliep,KernelDensity,MKernelDensity
0.10344827586206896,0.12340425531914893,0.06987450295349436,0.10193658383878569,0.025348686141874962,0.0986147885643338
