Eval,CV,Kliep,MKliep,KernelDensity,MKernelDensity
0.14655172413793102,0.12340425531914893,0.08841690437351091,0.11836217864889866,0.06522254012607645,0.11569349375532796
