Eval,CV,Kliep,MKliep,KernelDensity,MKernelDensity
0.1724137931034483,0.12340425531914893,0.08691342498886244,0.20054394477653606,0.17452143807778475,0.16857117435056757
