Eval,CV,Kliep,MKliep,KernelDensity,MKernelDensity
0.23275862068965517,0.12340425531914893,0.08705266903530096,0.15925985392714107,0.17057091773593613,0.1504054226004794
