Eval,CV,Kliep,MKliep,KernelDensity,MKernelDensity
0.16379310344827586,0.12340425531914893,0.09495142321999149,0.14785524205588438,0.04327451487920642,0.13435144172193877
