Eval,CV,Kliep,MKliep,KernelDensity,MKernelDensity
0.017241379310344827,0.12340425531914893,0.05457492851070721,0.08531935311792105,0.033004092938244634,0.08976270321503951
