Eval,CV,Kliep,MKliep,KernelDensity,MKernelDensity
0.1810344827586207,0.12340425531914893,0.0822113732383629,0.121938684931365,0.04090841880293667,0.1235841275370264
