Eval,CV,Kliep,MKliep,KernelDensity,MKernelDensity
0.15517241379310345,0.12340425531914893,0.09937914994440826,0.1671723939861411,0.10583221321078018,0.15321757218055354
