Eval,CV,Kliep,MKliep,KernelDensity,MKernelDensity
0.1896551724137931,0.12340425531914893,0.08108030875523511,0.13813400649108895,0.041861378330561354,0.11625024586523648
