Eval,CV,Kliep,MKliep,KernelDensity,MKernelDensity
0.06896551724137931,0.14893617021276595,0.08932043848223896,0.11844950278316532,0.04862258686375005,0.10983520040309996
