Eval,CV,Kliep,MKliep,KernelDensity,MKernelDensity
0.15517241379310345,0.14893617021276595,0.06727589978105901,0.10018270932830586,0.02430879724514688,0.1049576713099427
