Eval,CV,Kliep,MKliep,KernelDensity,MKernelDensity
0.1724137931034483,0.14893617021276595,0.11261644393751162,0.150912046797561,0.02766751256154842,0.14527038846743787
