Eval,CV,Kliep,MKliep,KernelDensity,MKernelDensity
0.10344827586206896,0.14893617021276595,0.05873136821725043,0.10111670903115154,0.0257670254155993,0.08592358232528545
