Eval,CV,Kliep,MKliep,KernelDensity,MKernelDensity
0.20689655172413793,0.14893617021276595,0.07062632711246275,0.15595249564415667,0.038037796654626754,0.15884215786920997
