Eval,CV,Kliep,MKliep,KernelDensity,MKernelDensity
0.2413793103448276,0.14893617021276595,0.07793799706355584,0.10689845973024827,0.016553196771474432,0.10335202607783996
