Eval,CV,Kliep,MKliep,KernelDensity,MKernelDensity
0.3448275862068966,0.14893617021276595,0.13573704379180887,0.1796722887222014,0.08456367370746411,0.14429702647403114
