Eval,CV,Kliep,MKliep,KernelDensity,MKernelDensity
0.02586206896551724,0.14893617021276595,0.04864639475600447,0.07472388972425781,0.029536276248749816,0.06996389800487629
