Eval,CV,Kliep,MKliep,KernelDensity,MKernelDensity
0.10344827586206896,0.14893617021276595,0.07047135064319633,0.06587650918301213,0.02615302074530812,0.06787654194868241
