Eval,CV,Kliep,MKliep,KernelDensity,MKernelDensity
0.06896551724137931,0.14893617021276595,0.05923758691745006,0.10040077378233032,0.036007175967945594,0.07713627166996284
