Eval,CV,Kliep,MKliep,KernelDensity,MKernelDensity
0.0603448275862069,0.14893617021276595,0.06742617210603268,0.10389067365806408,0.02458903476276534,0.10609626432696814
