Eval,CV,Kliep,MKliep,KernelDensity,MKernelDensity
0.14655172413793102,0.14893617021276595,0.07480224329882135,0.11214081862348894,0.021696227265481427,0.11301423799048257
