Eval,CV,Kliep,MKliep,KernelDensity,MKernelDensity
0.14655172413793102,0.14893617021276595,0.1090684701171414,0.12591934648787773,0.05212735957824173,0.12634370304707696
