Eval,CV,Kliep,MKliep,KernelDensity,MKernelDensity
0.16379310344827586,0.14893617021276595,0.07379273655062939,0.12804534160874156,0.04453998241312889,0.11668296543296748
