Eval,CV,Kliep,MKliep,KernelDensity,MKernelDensity
0.05172413793103448,0.14893617021276595,0.05871505861988189,0.05612410659430778,0.049756509654887135,0.061943363041291735
