Eval,CV,Kliep,MKliep,KernelDensity,MKernelDensity
0.09482758620689655,0.14893617021276595,0.0627816140102389,0.0783534756046821,0.03238796765578828,0.07687559735983567
