Eval,CV,Kliep,MKliep,KernelDensity,MKernelDensity
0.11206896551724138,0.14893617021276595,0.06663140434831212,0.10251681604149421,0.05442843274373831,0.09527801547668176
