Eval,CV,Kliep,MKliep,KernelDensity,MKernelDensity
0.19827586206896552,0.14893617021276595,0.09564618758328274,0.10092836205120462,0.051433888954452105,0.09354437946129178
