Eval,CV,Kliep,MKliep,KernelDensity,MKernelDensity
0.22413793103448276,0.14893617021276595,0.12703982021981317,0.14586981472321064,0.039014805744358026,0.14651293449757566
