Eval,CV,Kliep,MKliep,KernelDensity,MKernelDensity
0.3017241379310345,0.14893617021276595,0.11112535768145711,0.1550203900814747,0.08290043194603895,0.13687967899974274
