Eval,CV,Kliep,MKliep,KernelDensity,MKernelDensity
989.3998804703579,463.05462569710085,715.9875113572886,nan,929.471437403823,433.7541309983636
