Eval,CV,Kliep,MKliep,KernelDensity,MKernelDensity
1925.7178702053084,463.05462569710085,846.483153342525,nan,1643.500724598007,379.23610521958494
