Eval,CV,Kliep,MKliep,KernelDensity,MKernelDensity
1154.5307089618143,463.05462569710085,781.2880351345553,nan,1061.0143597971205,439.1136900322908
