Eval,CV,Kliep,MKliep,KernelDensity,MKernelDensity
1487.8462365034527,463.05462569710085,922.0957590611756,nan,1419.8699638900082,466.22901071231195
