Eval,CV,Kliep,MKliep,KernelDensity,MKernelDensity
1472.2351213147763,463.05462569710085,767.128243937019,nan,1290.2339230477053,400.8846204067568
