Eval,CV,Kliep,MKliep,KernelDensity,MKernelDensity
1503.8981799793232,463.05462569710085,772.1915896622947,nan,1326.5600610823524,369.6674833987081
