Eval,CV,Kliep,MKliep,KernelDensity,MKernelDensity
1358.0242235790301,463.05462569710085,774.5239521503025,nan,1221.331965380473,348.0225586646001
