Eval,CV,Kliep,MKliep,KernelDensity,MKernelDensity
1267.359106255766,463.05462569710085,808.4883036678835,nan,1177.4833990933046,411.6870864781785
