Eval,CV,Kliep,MKliep,KernelDensity,MKernelDensity
952.8173499729801,463.05462569710085,765.58927454004,nan,918.4744889270538,460.25525234637263
