Eval,CV,Kliep,MKliep,KernelDensity,MKernelDensity
898.7707939856663,463.05462569710085,744.2405635150506,nan,891.4061776154173,454.249661600458
