Eval,CV,Kliep,MKliep,KernelDensity,MKernelDensity
817.2145409384518,463.05462569710085,663.7316424538958,nan,835.3431751528822,430.46324207029846
