Eval,CV,Kliep,MKliep,KernelDensity,MKernelDensity
846.8420137101947,463.05462569710085,599.3657459689841,nan,868.4693134401488,480.60427357594375
