Eval,CV,Kliep,MKliep,KernelDensity,MKernelDensity
765.099238722507,463.05462569710085,689.5724066470164,nan,764.0945066528312,409.48784403759146
