Eval,CV,Kliep,MKliep,KernelDensity,MKernelDensity
1606.8881845670942,463.05462569710085,927.9875580354271,nan,1468.640059074508,491.3098322365215
