Eval,CV,Kliep,MKliep,KernelDensity,MKernelDensity
1430.5259373982271,463.05462569710085,813.9065674743111,nan,1437.7537839584093,513.2453742271508
