Eval,CV,Kliep,MKliep,KernelDensity,MKernelDensity
1240.393580492525,463.05462569710085,726.6489686621841,nan,1163.4602148887373,400.3996777650889
