Eval,CV,Kliep,MKliep,KernelDensity,MKernelDensity
959.0193361697724,463.05462569710085,738.0979057446269,nan,1024.992613571383,456.58426478354966
