Eval,CV,Kliep,MKliep,KernelDensity,MKernelDensity
828.2474613216538,463.05462569710085,666.3197937898162,nan,863.1229406124879,502.71000735925054
