Eval,CV,Kliep,MKliep,KernelDensity,MKernelDensity
1528.8121157926828,463.05462569710085,821.5264531196462,nan,1366.3952102810028,389.9303698021368
