Eval,CV,Kliep,MKliep,KernelDensity,MKernelDensity
700.0098012287958,463.05462569710085,648.7340853203922,nan,641.9721667395868,392.4777912202792
