Eval,CV,Kliep,MKliep,KernelDensity,MKernelDensity
0.2463768115942029,0.2949640287769784,0.3238364466628885,0.35063307129632176,0.2832452216749017,0.29830831533925156
