Eval,CV,Kliep,MKliep,KernelDensity,MKernelDensity
0.2753623188405797,0.2949640287769784,0.2894570007308595,0.2729724530931344,0.30062857088447686,0.28504794611068435
