Eval,CV,Kliep,MKliep,KernelDensity,MKernelDensity
0.17391304347826086,0.2949640287769784,0.29895346465302863,0.3501872276895858,0.2522443267435859,0.3230220409726071
