Eval,CV,Kliep,MKliep,KernelDensity,MKernelDensity
0.2318840579710145,0.2949640287769784,0.31278803056796634,0.28224745712829286,0.33787736746410246,0.2916645222266854
