Eval,CV,Kliep,MKliep,KernelDensity,MKernelDensity
0.14492753623188406,0.2949640287769784,0.2894226966881703,0.27582529899595554,0.29286606731582526,0.3048416358613699
