Eval,CV,Kliep,MKliep,KernelDensity,MKernelDensity
0.17391304347826086,0.2949640287769784,0.3114827882366246,0.32021069439620964,0.2970002487408982,0.3029927510244659
