Eval,CV,Kliep,MKliep,KernelDensity,MKernelDensity
0.14492753623188406,0.2949640287769784,0.2964181607053422,0.35184670834949633,0.2775696181128271,0.3052436540731609
