Eval,CV,Kliep,MKliep,KernelDensity,MKernelDensity
0.15942028985507245,0.2949640287769784,0.2968402944396231,0.2891927460555239,0.28871063341991077,0.2996898728041927
