Eval,CV,Kliep,MKliep,KernelDensity,MKernelDensity
0.13043478260869565,0.2949640287769784,0.27385103061909133,0.30398137016452687,0.27506388479677185,0.3189857843062468
