Eval,CV,Kliep,MKliep,KernelDensity,MKernelDensity
0.15942028985507245,0.2949640287769784,0.3148570383307256,0.27379750478786696,0.411198843473151,0.30984116464704836
