Eval,CV,Kliep,MKliep,KernelDensity,MKernelDensity
0.10144927536231885,0.2949640287769784,0.32081513596205125,0.29404932215276514,0.3502006822620222,0.31552193471857065
