Eval,CV,Kliep,MKliep,KernelDensity,MKernelDensity
0.17391304347826086,0.2949640287769784,0.3205413560159916,0.2966845017359045,0.20541033326255545,0.2755117787126677
