Eval,CV,Kliep,MKliep,KernelDensity,MKernelDensity
0.043478260869565216,0.2949640287769784,0.3060788831340816,0.26404277330015874,0.21644368176690237,0.268092140809231
