Eval,CV,Kliep,MKliep,KernelDensity,MKernelDensity
0.21739130434782608,0.2949640287769784,0.2853295446011479,0.26387151771972406,0.2292141767018118,0.2490702552484997
