Eval,CV,Kliep,MKliep,KernelDensity,MKernelDensity
0.15942028985507245,0.2949640287769784,0.30649080258376243,0.33713393341055076,0.2755954319108603,0.2967995071936134
