Eval,CV,Kliep,MKliep,KernelDensity,MKernelDensity
0.2463768115942029,0.2949640287769784,0.31739653417543484,0.29191508895943286,0.3345865998552068,0.29675510758386936
