Eval,CV,Kliep,MKliep,KernelDensity,MKernelDensity
0.14492753623188406,0.2949640287769784,0.297230712524325,0.28639477781379796,0.20730439075675808,0.2743000427280369
