Eval,CV,Kliep,MKliep,KernelDensity,MKernelDensity
0.10144927536231885,0.2949640287769784,0.30608158687786574,0.2912237959810429,0.3797079480377135,0.3057371932414359
