Eval,CV,Kliep,MKliep,KernelDensity,MKernelDensity
0.08695652173913043,0.2949640287769784,0.30468994935897864,0.23374863727377634,0.20275106104149013,0.2558296898575938
