Eval,CV,Kliep,MKliep,KernelDensity,MKernelDensity
0.15942028985507245,0.2949640287769784,0.30435712036453,0.2914850211303785,0.3508560608636747,0.31225290733367506
