Eval,CV,Kliep,MKliep,KernelDensity,MKernelDensity
0.37623762376237624,0.2634146341463415,0.15161679328947344,0.24085679176113592,0.10000000000000002,0.24304353508840293
