Eval,CV,Kliep,MKliep,KernelDensity,MKernelDensity
0.801980198019802,0.2634146341463415,0.14447772686403865,0.2570029705136356,2.264854970235182e-14,0.295575567403275
