Eval,CV,Kliep,MKliep,KernelDensity,MKernelDensity
0.801980198019802,0.2634146341463415,0.18916037261640323,0.25739412103629633,0.1999999999999973,0.2764351679891775
