Eval,CV,Kliep,MKliep,KernelDensity,MKernelDensity
0.27722772277227725,0.2634146341463415,0.1297051120175526,0.24176646456522957,3.963496197911002e-14,0.23970628562213947
