Eval,CV,Kliep,MKliep,KernelDensity,MKernelDensity
0.1485148514851485,0.2634146341463415,0.1460731998854334,0.22626890690596452,0.2500000000000004,0.22961204774155025
