Eval,CV,Kliep,MKliep,KernelDensity,MKernelDensity
0.43564356435643564,0.2634146341463415,0.2325429930214511,0.24780088996088162,1.6986412276763418e-14,0.24032779490216394
