Eval,CV,Kliep,MKliep,KernelDensity,MKernelDensity
0.8118811881188119,0.2634146341463415,0.19048428447566318,0.28589260052599635,1.1324274851176299e-14,0.27053154655171274
