Eval,CV,Kliep,MKliep,KernelDensity,MKernelDensity
0.43564356435643564,0.2634146341463415,0.13727580903222475,0.2453599529629681,2.058959063850213e-15,0.24710162848326012
