Eval,CV,Kliep,MKliep,KernelDensity,MKernelDensity
0.44554455445544555,0.2634146341463415,0.14307669399881387,0.2525727700612935,0.19999999999999976,0.24970779794447384
