Eval,CV,Kliep,MKliep,KernelDensity,MKernelDensity
0.38613861386138615,0.2634146341463415,0.07977186040983149,0.24311994677709195,0.12499999999999999,0.2395078691162378
