Eval,CV,Kliep,MKliep,KernelDensity,MKernelDensity
0.6831683168316832,0.2634146341463415,0.2329707179893652,0.28365613103889076,0.0833333333333341,0.2716566477427235
