Eval,CV,Kliep,MKliep,KernelDensity,MKernelDensity
0.5544554455445545,0.2634146341463415,0.024329341958231103,0.2866573569545255,0.5,0.2792010534650136
