Eval,CV,Kliep,MKliep,KernelDensity,MKernelDensity
0.22772277227722773,0.2634146341463415,0.030375098551067084,0.2210150016771465,0.18181818181818124,0.22237306194189022
