Eval,CV,Kliep,MKliep,KernelDensity,MKernelDensity
0.6435643564356436,0.2634146341463415,0.20986368273265646,0.26645721386597987,0.11111111111111135,0.27158904280372864
