Eval,CV,Kliep,MKliep,KernelDensity,MKernelDensity
0.9900990099009901,0.2634146341463415,0.22787304895520222,0.2807477860560715,0.0,0.28344554568125163
