Eval,CV,Kliep,MKliep,KernelDensity,MKernelDensity
0.0297029702970297,0.2634146341463415,nan,0.21611046434569697,0.3333333333333278,0.21961379414764148
