Eval,CV,Kliep,MKliep,KernelDensity,MKernelDensity
0.07920792079207921,0.2634146341463415,nan,0.22783157872124069,0.27272727272725383,0.22821232566388083
