Eval,CV,Kliep,MKliep,KernelDensity,MKernelDensity
0.8217821782178217,0.2634146341463415,0.20658926307354117,0.25367250728309365,0.16666666666667354,0.2612629790700926
