Eval,CV,Kliep,MKliep,KernelDensity,MKernelDensity
0.33663366336633666,0.2634146341463415,0.1032489395317221,0.22657464441358113,0.125000000000006,0.23470289287130938
