Eval,CV,Kliep,MKliep,KernelDensity,MKernelDensity
0.9801980198019802,0.2634146341463415,0.13995833673031682,0.2868372151769282,3.2355071003360225e-15,0.2899023154395855
