Eval,CV,Kliep,MKliep,KernelDensity,MKernelDensity
0.20224719101123595,0.15168539325842698,0.18229617629767086,0.11760239407090951,0.17666666666666675,0.1153712089497784
