Eval,CV,Kliep,MKliep,KernelDensity,MKernelDensity
0.3258426966292135,0.15168539325842698,0.2519465421706365,0.2168953341969954,0.3027027027027028,0.2217787247957277
