Eval,CV,Kliep,MKliep,KernelDensity,MKernelDensity
0.2247191011235955,0.15168539325842698,0.2155046040378934,0.14920486501507166,0.3179347826086957,0.14629111381659737
