Eval,CV,Kliep,MKliep,KernelDensity,MKernelDensity
0.20224719101123595,0.15168539325842698,0.1983272209818288,0.16243724047927313,0.20260416666666675,0.15711330048169345
