Eval,CV,Kliep,MKliep,KernelDensity,MKernelDensity
0.1797752808988764,0.15168539325842698,0.2123497692268622,0.16515597775581606,0.2241071428571429,0.1608705811082915
