Eval,CV,Kliep,MKliep,KernelDensity,MKernelDensity
0.30337078651685395,0.15168539325842698,0.2413732458452047,0.19894134821603926,0.25178571428571433,0.19504916809737777
