Eval,CV,Kliep,MKliep,KernelDensity,MKernelDensity
0.2247191011235955,0.15168539325842698,0.22871440971164192,0.17243906035788814,0.3941176470588234,0.1667939035406378
