Eval,CV,Kliep,MKliep,KernelDensity,MKernelDensity
0.2247191011235955,0.15168539325842698,0.2102301829417004,0.13921265948569098,0.1910714285714287,0.13762152090822338
