Eval,CV,Kliep,MKliep,KernelDensity,MKernelDensity
0.3707865168539326,0.15168539325842698,0.25550349950790957,0.21339578266885512,0.25202702702702706,0.21312818825067054
