Eval,CV,Kliep,MKliep,KernelDensity,MKernelDensity
0.3707865168539326,0.15168539325842698,0.2414273772085211,0.23646076455825865,0.26972222222222225,0.23731434762120368
