Eval,CV,Kliep,MKliep,KernelDensity,MKernelDensity
0.4157303370786517,0.15168539325842698,0.2609849787982132,0.2097384024934237,0.2528846153846154,0.21002563126984716
