Eval,CV,Kliep,MKliep,KernelDensity,MKernelDensity
0.38202247191011235,0.15168539325842698,0.24293836856410916,0.23272818600708126,0.25750000000000006,0.23030510441131047
