Eval,CV,Kliep,MKliep,KernelDensity,MKernelDensity
0.12359550561797752,0.15168539325842698,0.14283283629954088,0.11826780182321255,0.16250000000000003,0.11406264336720749
