Eval,CV,Kliep,MKliep,KernelDensity,MKernelDensity
0.42696629213483145,0.15168539325842698,0.24842907320091745,0.21528841006198765,0.23839285714285718,0.2133270289508106
