Eval,CV,Kliep,MKliep,KernelDensity,MKernelDensity
0.11235955056179775,0.15168539325842698,0.217520243430795,0.15078183456839864,0.33062499999999995,0.1503135268320132
