Eval,CV,Kliep,MKliep,KernelDensity,MKernelDensity
0.449438202247191,0.15168539325842698,0.2608495168674135,0.2270632277233996,0.25930232558139543,0.22513005816068196
