Eval,CV,Kliep,MKliep,KernelDensity,MKernelDensity
0.449438202247191,0.15168539325842698,0.25414497308637923,0.2216840381393059,0.24034090909090922,0.2242447567907735
