Eval,CV,Kliep,MKliep,KernelDensity,MKernelDensity
0.3595505617977528,0.15168539325842698,0.24047026644246727,0.22064101853751045,0.2645348837209303,0.22002805838081574
