Eval,CV,Kliep,MKliep,KernelDensity,MKernelDensity
0.25842696629213485,0.15168539325842698,0.2360996634473664,0.18298370595996868,0.31201923076923077,0.17786788444822835
