Eval,CV,Kliep,MKliep,KernelDensity,MKernelDensity
0.5168539325842697,0.15168539325842698,0.26158603640204076,0.22954354337895594,0.2427777777777779,0.22866412009629564
