Eval,CV,Kliep,MKliep,KernelDensity,MKernelDensity
1153.6786824516882,465.6332947480818,775.4225186945805,nan,1059.8094549716272,558.8147534595767
