Eval,CV,Kliep,MKliep,KernelDensity,MKernelDensity
1848.2959812717045,465.6332947480818,1321.464007247265,nan,1546.2098638121993,368.9293456630791
