Eval,CV,Kliep,MKliep,KernelDensity,MKernelDensity
1341.161448687327,465.6332947480818,854.2324388431249,nan,1269.2944893827391,439.16707900781336
