Eval,CV,Kliep,MKliep,KernelDensity,MKernelDensity
1426.37494418885,465.6332947480818,887.5259580335021,nan,1290.7235782096475,470.6513494766438
