Eval,CV,Kliep,MKliep,KernelDensity,MKernelDensity
644.6990867867219,465.6332947480818,563.0301732804353,nan,734.3687901668584,444.61278992037603
