Eval,CV,Kliep,MKliep,KernelDensity,MKernelDensity
1109.663850187504,465.6332947480818,739.2998658884648,nan,999.1104703649354,468.34081263186073
