Eval,CV,Kliep,MKliep,KernelDensity,MKernelDensity
501.88267101297964,465.6332947480818,486.0865992981751,nan,473.5466002039597,465.23775008206
