Eval,CV,Kliep,MKliep,KernelDensity,MKernelDensity
1572.356461141544,465.6332947480818,998.5958086604692,nan,1412.9313554166786,477.4991880388562
