Eval,CV,Kliep,MKliep,KernelDensity,MKernelDensity
1333.9526727949187,465.6332947480818,819.0246675364087,nan,1191.0965282284806,476.1323253928765
