Eval,CV,Kliep,MKliep,KernelDensity,MKernelDensity
1123.2075117062234,465.6332947480818,725.3354277407682,nan,1007.2201681571267,574.7557149115787
