Eval,CV,Kliep,MKliep,KernelDensity,MKernelDensity
1191.3976217690683,465.6332947480818,798.0749175171256,nan,1145.3611391422178,441.09567269457574
