Eval,CV,Kliep,MKliep,KernelDensity,MKernelDensity
814.7780646579359,465.6332947480818,751.2615755289088,nan,767.4193331212867,589.6603568016682
