Eval,CV,Kliep,MKliep,KernelDensity,MKernelDensity
986.916304157343,465.6332947480818,720.4840047653743,nan,953.3909117633029,465.4810081237644
