Eval,CV,Kliep,MKliep,KernelDensity,MKernelDensity
1326.218023517553,465.6332947480818,786.5399747923997,nan,1275.8402838275292,384.0879302349952
