Eval,CV,Kliep,MKliep,KernelDensity,MKernelDensity
1132.0374704683186,465.6332947480818,795.4151715980431,nan,1044.37339761807,561.6158468542295
