Eval,CV,Kliep,MKliep,KernelDensity,MKernelDensity
895.0314457512055,465.6332947480818,735.2622665270362,nan,838.3654696206523,582.1556601808309
