Eval,CV,Kliep,MKliep,KernelDensity,MKernelDensity
871.0074384316271,465.6332947480818,702.5999381708851,nan,880.2198300827847,502.5900228048295
