Eval,CV,Kliep,MKliep,KernelDensity,MKernelDensity
951.7532312808992,465.6332947480818,749.0934705861818,nan,963.512950103678,432.544373980592
