Eval,CV,Kliep,MKliep,KernelDensity,MKernelDensity
861.9288395660521,465.6332947480818,647.2362172840516,nan,890.4648640855305,473.5610096731494
