Eval,CV,Kliep,MKliep,KernelDensity,MKernelDensity
1506.544621567048,465.6332947480818,874.0540864639166,nan,1377.69884951577,456.65079783181903
