Eval,CV,Kliep,MKliep,KernelDensity,MKernelDensity
0.2608695652173913,0.2733812949640288,0.2537694844056863,0.2990104472726171,0.07789131312076755,0.3104470335858926
