Eval,CV,Kliep,MKliep,KernelDensity,MKernelDensity
0.2028985507246377,0.2733812949640288,0.288696113647433,0.24721929076813753,0.0705821642397093,0.26427492316314466
