Eval,CV,Kliep,MKliep,KernelDensity,MKernelDensity
0.11594202898550725,0.2733812949640288,0.2806142501293215,0.2098342649680333,0.16175311821872143,0.2366984679986192
