Eval,CV,Kliep,MKliep,KernelDensity,MKernelDensity
0.11594202898550725,0.2733812949640288,0.29010548940452613,0.2669042139947759,0.14658507636665769,0.28195144828795066
