Eval,CV,Kliep,MKliep,KernelDensity,MKernelDensity
0.17391304347826086,0.2733812949640288,0.27196648655729644,0.2771843835519459,0.17478530755870134,0.29232115216759813
