Eval,CV,Kliep,MKliep,KernelDensity,MKernelDensity
0.08695652173913043,0.2733812949640288,0.25198977223478997,0.23590344269597527,0.08361838685088287,0.26156462668390756
