Eval,CV,Kliep,MKliep,KernelDensity,MKernelDensity
0.13043478260869565,0.2733812949640288,0.29862631080325763,0.256383181575933,0.16857965766189323,0.263993195921125
