Eval,CV,Kliep,MKliep,KernelDensity,MKernelDensity
0.14492753623188406,0.2733812949640288,0.28332511854221476,0.2866882753678731,0.20889698369591891,0.3039094527233175
