Eval,CV,Kliep,MKliep,KernelDensity,MKernelDensity
0.14492753623188406,0.2733812949640288,0.20742179985965317,0.2583036198089479,0.10804059539079584,0.2654653528187238
