Eval,CV,Kliep,MKliep,KernelDensity,MKernelDensity
0.15942028985507245,0.2733812949640288,0.26371258195512187,0.2768636492037789,0.16829130771975614,0.2888296178763493
