Eval,CV,Kliep,MKliep,KernelDensity,MKernelDensity
0.2028985507246377,0.2733812949640288,0.26926093933116085,0.30653751778829375,0.07325267326255883,0.3044562511434674
