Eval,CV,Kliep,MKliep,KernelDensity,MKernelDensity
0.10144927536231885,0.2733812949640288,0.17066948034565224,0.2650296977202355,0.11422895226214769,0.27164499756389526
