Eval,CV,Kliep,MKliep,KernelDensity,MKernelDensity
0.18840579710144928,0.2733812949640288,0.2644568309183269,0.285548555054649,0.14847609624509628,0.29975204451040144
