Eval,CV,Kliep,MKliep,KernelDensity,MKernelDensity
0.15942028985507245,0.2733812949640288,0.2920243675608777,0.2968308917450903,0.14083454814938026,0.29899686676682935
