Eval,CV,Kliep,MKliep,KernelDensity,MKernelDensity
0.11594202898550725,0.2733812949640288,0.2699713223474591,0.26872676288272157,0.15438352329646168,0.24453607492708998
