Eval,CV,Kliep,MKliep,KernelDensity,MKernelDensity
0.14492753623188406,0.2733812949640288,0.2673541146565732,0.2660605327203881,0.23195877917550878,0.26767418175459473
