Eval,CV,Kliep,MKliep,KernelDensity,MKernelDensity
0.21739130434782608,0.2733812949640288,0.26567202022984204,0.2564416103527018,0.10144636473673423,0.2767596333742528
