Eval,CV,Kliep,MKliep,KernelDensity,MKernelDensity
0.15942028985507245,0.2733812949640288,0.2810897434200167,0.2562579070943012,0.18164455344187952,0.3027234711709639
