Eval,CV,Kliep,MKliep,KernelDensity,MKernelDensity
0.11594202898550725,0.2733812949640288,0.2579518356237789,0.3008039480992373,0.1040982810657215,0.30343795566235093
