Eval,CV,Kliep,MKliep,KernelDensity,MKernelDensity
0.14492753623188406,0.2733812949640288,0.22553866527942734,0.24330587953379423,0.1507596583516526,0.25107148615201846
