Eval,CV,Kliep,MKliep,KernelDensity,MKernelDensity
0.8501026694045175,0.5730223123732252,0.7150509326414783,0.6240508449755824,0.8235294117647034,0.6214194950270543
