Eval,CV,Kliep,MKliep,KernelDensity,MKernelDensity
0.8172484599589322,0.5730223123732252,0.6869938539110094,0.5822455333203665,0.8749999999999959,0.5788529722154111
