Eval,CV,Kliep,MKliep,KernelDensity,MKernelDensity
0.86652977412731,0.5730223123732252,0.7133386703939532,0.630210908422859,0.8089887640449437,0.6279845068839951
