Eval,CV,Kliep,MKliep,KernelDensity,MKernelDensity
0.3059548254620123,0.5730223123732252,0.6394897396711621,0.5364188492311797,0.6545454545454525,0.5376734479727217
