Eval,CV,Kliep,MKliep,KernelDensity,MKernelDensity
0.8151950718685832,0.5730223123732252,0.6815790325023333,0.5916887779145905,0.8515624999999979,0.5908720388188511
