Eval,CV,Kliep,MKliep,KernelDensity,MKernelDensity
0.919917864476386,0.5730223123732252,0.7159692385235086,0.6160397190368678,0.8186813186813167,0.6137191848142522
