Eval,CV,Kliep,MKliep,KernelDensity,MKernelDensity
0.47638603696098564,0.5730223123732252,0.6755887545305662,0.5540304539339244,0.7786885245901619,0.5540849219618702
