Eval,CV,Kliep,MKliep,KernelDensity,MKernelDensity
0.7679671457905544,0.5730223123732252,0.6776216603597695,0.589491380301157,0.7155172413793102,0.5783958535877703
