Eval,CV,Kliep,MKliep,KernelDensity,MKernelDensity
0.4722792607802875,0.5730223123732252,0.6556759896562465,0.5405192255984832,0.7542372881355918,0.5413281280781708
