Eval,CV,Kliep,MKliep,KernelDensity,MKernelDensity
0.9301848049281314,0.5730223123732252,0.7153563282071637,0.6313567255151953,0.854999999999996,0.6303717992296475
