Eval,CV,Kliep,MKliep,KernelDensity,MKernelDensity
0.9527720739219713,0.5730223123732252,0.7240039328399568,0.6349278500346999,0.8666666666666637,0.6332690226712065
