Eval,CV,Kliep,MKliep,KernelDensity,MKernelDensity
0.14168377823408623,0.5730223123732252,0.602452371159774,0.4998240476553882,0.5540540540540557,0.5023704967234995
