Eval,CV,Kliep,MKliep,KernelDensity,MKernelDensity
0.08829568788501027,0.5730223123732252,0.6109212516759307,0.493027719570545,0.5799999999999996,0.49968365841843787
