Eval,CV,Kliep,MKliep,KernelDensity,MKernelDensity
0.5790554414784395,0.5730223123732252,0.6579350904482103,0.5662630041814619,0.7196969696969696,0.5653505568033346
