Eval,CV,Kliep,MKliep,KernelDensity,MKernelDensity
0.675564681724846,0.5730223123732252,0.6700891831320706,0.5782635324842157,0.7714285714285704,0.5674806951025888
