Eval,CV,Kliep,MKliep,KernelDensity,MKernelDensity
0.2731006160164271,0.5730223123732252,0.6580375800583128,0.5067950452996485,0.7560975609756043,0.5088445313711366
