Eval,CV,Kliep,MKliep,KernelDensity,MKernelDensity
0.15811088295687886,0.5730223123732252,0.6185428473368484,0.5139831740616391,0.6304347826086948,0.5173156143775965
