Eval,CV,Kliep,MKliep,KernelDensity,MKernelDensity
0.8049281314168378,0.5730223123732252,0.6866215674557247,0.5692186957637726,0.7890624999999994,0.5647542162787752
