Eval,CV,Kliep,MKliep,KernelDensity,MKernelDensity
0.9794661190965093,0.5730223123732252,0.7178887208011404,0.6355055131309189,0.8217821782178212,0.632891410243797
