Eval,CV,Kliep,MKliep,KernelDensity,MKernelDensity
0.6817248459958932,0.5730223123732252,0.6957896905529737,0.5811745538081918,0.8615384615384561,0.5808271104070912
