Eval,CV,Kliep,MKliep,KernelDensity,MKernelDensity
1776.6563909544666,1477.4728147035207,1516.8816740795166,nan,1822.9901370289854,1217.2240258609231
