Eval,CV,Kliep,MKliep,KernelDensity,MKernelDensity
1171.170258252271,1477.4728147035207,1328.2127435758748,nan,1420.2104153258663,1385.2848524633182
