Eval,CV,Kliep,MKliep,KernelDensity,MKernelDensity
1476.922115978678,1477.4728147035207,1492.403230497603,nan,1643.823729256235,1487.3530648599747
