Eval,CV,Kliep,MKliep,KernelDensity,MKernelDensity
2114.8029684805592,1477.4728147035207,1542.6851666043146,nan,1983.963255073346,1442.0161343666966
