Eval,CV,Kliep,MKliep,KernelDensity,MKernelDensity
1460.623854269512,1477.4728147035207,1437.1662541523333,nan,1553.4692150108542,1388.002526342623
