Eval,CV,Kliep,MKliep,KernelDensity,MKernelDensity
1876.1194298600824,1477.4728147035207,1538.7370944667282,nan,1821.441543534056,1611.7459605248184
