Eval,CV,Kliep,MKliep,KernelDensity,MKernelDensity
2306.710729075869,1477.4728147035207,1645.2058690556482,nan,1982.0659131246268,1407.4353661716186
