Eval,CV,Kliep,MKliep,KernelDensity,MKernelDensity
2385.4634096298564,1477.4728147035207,1579.84277190234,nan,2068.9194934279158,1263.8705287912856
