Eval,CV,Kliep,MKliep,KernelDensity,MKernelDensity
1905.9511311718718,1477.4728147035207,1446.1578856804342,nan,1888.1623291354565,1454.4158697086905
