Eval,CV,Kliep,MKliep,KernelDensity,MKernelDensity
2001.1559382935116,1477.4728147035207,1552.306825751075,nan,1780.8768677011867,1488.6283986825817
