Eval,CV,Kliep,MKliep,KernelDensity,MKernelDensity
1672.8785491054978,1477.4728147035207,1524.139038555246,nan,1740.8751457162236,1406.2383347350476
