Eval,CV,Kliep,MKliep,KernelDensity,MKernelDensity
1256.0591214384522,1477.4728147035207,1378.1894683883227,nan,1520.8299691993266,1319.9122028735628
