Eval,CV,Kliep,MKliep,KernelDensity,MKernelDensity
1400.7859147931918,1477.4728147035207,1417.1800742026958,nan,1350.7220926608106,1452.2177789685702
