Eval,CV,Kliep,MKliep,KernelDensity,MKernelDensity
1679.3660749760268,1477.4728147035207,1510.6208280552457,nan,1691.8545281361949,1418.3893357696015
