Eval,CV,Kliep,MKliep,KernelDensity,MKernelDensity
1319.9469987078553,1477.4728147035207,1400.7199439526098,nan,1498.888686200638,1367.733815372105
