Eval,CV,Kliep,MKliep,KernelDensity,MKernelDensity
2398.8355394012024,1477.4728147035207,1548.620775625639,nan,2007.238943675024,1446.9895301315462
