Eval,CV,Kliep,MKliep,KernelDensity,MKernelDensity
1418.1477368040455,1477.4728147035207,1464.0459306517826,nan,1473.381503415834,1486.893703713198
