Eval,CV,Kliep,MKliep,KernelDensity,MKernelDensity
1870.9864402502,1477.4728147035207,1509.6883818749204,nan,1746.274801723153,1394.245888175851
