Eval,CV,Kliep,MKliep,KernelDensity,MKernelDensity
1805.3433849175713,1477.4728147035207,1529.280579232436,nan,1773.9210157924852,1494.5391285630685
