Eval,CV,Kliep,MKliep,KernelDensity,MKernelDensity
1650.7787796092896,1160.5864304175795,1191.2344116490522,nan,1420.012557833515,1087.5090135519144
