Eval,CV,Kliep,MKliep,KernelDensity,MKernelDensity
1300.3617662685954,1160.5864304175795,1137.9522635915434,nan,1202.786035808492,1042.6440629573651
