Eval,CV,Kliep,MKliep,KernelDensity,MKernelDensity
1597.6415998406878,1160.5864304175795,1192.658024998446,nan,1370.0756749927743,1219.8856986147334
