Eval,CV,Kliep,MKliep,KernelDensity,MKernelDensity
1650.100799058974,1160.5864304175795,1237.8752253671332,nan,1563.301056405235,1260.9013096776616
