Eval,CV,Kliep,MKliep,KernelDensity,MKernelDensity
1132.623359742534,1160.5864304175795,1135.8267252809428,nan,1179.6506510376773,1011.5900177426971
