Eval,CV,Kliep,MKliep,KernelDensity,MKernelDensity
1618.9864001836709,1160.5864304175795,1222.8600128391536,nan,1502.6446779718437,1293.2447236097591
