Eval,CV,Kliep,MKliep,KernelDensity,MKernelDensity
1432.2640809571853,1160.5864304175795,1186.133234268901,nan,1420.9736009951623,1247.5609831212723
