Eval,CV,Kliep,MKliep,KernelDensity,MKernelDensity
1443.8725110196642,1160.5864304175795,1204.2242857262513,nan,1357.7319460474473,1186.4440393370671
