Eval,CV,Kliep,MKliep,KernelDensity,MKernelDensity
1148.7320063819968,1160.5864304175795,1106.1947213954563,nan,1234.6131853764193,1069.8403415256998
