Eval,CV,Kliep,MKliep,KernelDensity,MKernelDensity
1495.386911955001,1160.5864304175795,1234.435604448057,nan,1526.2697459827875,1105.6242489069648
