Eval,CV,Kliep,MKliep,KernelDensity,MKernelDensity
1552.9346956810962,1160.5864304175795,1206.8336118136535,nan,1454.7424627583844,1164.042948092875
