Eval,CV,Kliep,MKliep,KernelDensity,MKernelDensity
1227.1356743461226,1160.5864304175795,1164.7660527224639,nan,1238.0538469282876,1033.2224313679912
