Eval,CV,Kliep,MKliep,KernelDensity,MKernelDensity
1820.3772819935723,1160.5864304175795,1302.6079545874713,nan,1746.6337487475262,1294.694009527137
