Eval,CV,Kliep,MKliep,KernelDensity,MKernelDensity
1618.400160315635,1160.5864304175795,1182.9591457753938,nan,1506.2854003405503,1132.8480476055774
