Eval,CV,Kliep,MKliep,KernelDensity,MKernelDensity
1212.8497334543606,1160.5864304175795,1087.0991559291397,nan,1151.9860144334427,1230.9646974101322
