Eval,CV,Kliep,MKliep,KernelDensity,MKernelDensity
1666.3298506985232,1160.5864304175795,1262.699971073972,nan,1674.233631851652,1285.4778452694827
