Eval,CV,Kliep,MKliep,KernelDensity,MKernelDensity
1453.3953874661427,1160.5864304175795,1193.6456476196338,nan,1429.2749330310871,1188.943090864634
