Eval,CV,Kliep,MKliep,KernelDensity,MKernelDensity
1643.7059793547994,1160.5864304175795,1223.9192876872246,nan,1476.6175579919316,1320.9758702833649
