Eval,CV,Kliep,MKliep,KernelDensity,MKernelDensity
659.7456940596104,1160.5864304175795,1062.0455809442708,nan,834.795796959996,1019.0357522476831
