Eval,CV,Kliep,MKliep,KernelDensity,MKernelDensity
1238.8541242710905,1160.5864304175795,1157.0030879600613,nan,1368.6388921591558,1124.7099375917294
