Eval,CV,Kliep,MKliep,KernelDensity,MKernelDensity
1236.0559017522041,463.5154976116585,735.1689936514122,nan,1135.3216595643983,555.0935152058433
