Eval,CV,Kliep,MKliep,KernelDensity,MKernelDensity
1396.2837738367211,463.5154976116585,773.465412259134,nan,1231.3420744613516,590.616974282307
