Eval,CV,Kliep,MKliep,KernelDensity,MKernelDensity
923.764789042126,463.5154976116585,728.0465123100219,nan,913.8139787314619,467.88731014422257
