Eval,CV,Kliep,MKliep,KernelDensity,MKernelDensity
871.5352354539637,463.5154976116585,524.7845629667153,nan,880.2499613132427,556.680489534168
