Eval,CV,Kliep,MKliep,KernelDensity,MKernelDensity
1162.3062121833705,463.5154976116585,706.6121757875271,nan,1064.9873829922099,478.38996186042846
