Eval,CV,Kliep,MKliep,KernelDensity,MKernelDensity
1430.5958330328644,463.5154976116585,823.6423127485172,nan,1327.367448777252,531.9735465495269
