Eval,CV,Kliep,MKliep,KernelDensity,MKernelDensity
713.846504101412,463.5154976116585,622.9991460902455,nan,783.633255053964,523.8431696474435
