Eval,CV,Kliep,MKliep,KernelDensity,MKernelDensity
1384.84159610507,463.5154976116585,770.8366763606072,nan,1277.3145853531082,541.1620019854118
