Eval,CV,Kliep,MKliep,KernelDensity,MKernelDensity
852.9524582466582,463.5154976116585,563.2125201426023,nan,931.3224786699731,519.9730262514374
