Eval,CV,Kliep,MKliep,KernelDensity,MKernelDensity
875.2289002878084,463.5154976116585,637.2249349965335,nan,841.3234986314319,517.9363530507686
