Eval,CV,Kliep,MKliep,KernelDensity,MKernelDensity
792.7260619834364,463.5154976116585,587.8630283387114,nan,887.4758254395302,531.8694274672935
