Eval,CV,Kliep,MKliep,KernelDensity,MKernelDensity
1121.403473846472,463.5154976116585,660.5153883310339,nan,1114.691364862777,572.1025216443935
