Eval,CV,Kliep,MKliep,KernelDensity,MKernelDensity
727.4010255140267,463.5154976116585,612.4346172768201,nan,773.3075555393135,499.01083297321344
