Eval,CV,Kliep,MKliep,KernelDensity,MKernelDensity
957.982529367851,463.5154976116585,627.0876087898475,nan,956.8731974766612,591.5981858741442
