Eval,CV,Kliep,MKliep,KernelDensity,MKernelDensity
616.6285849331199,463.5154976116585,561.746993864227,nan,640.0762594024243,455.7517829162157
