Eval,CV,Kliep,MKliep,KernelDensity,MKernelDensity
931.6155552448424,463.5154976116585,623.5043476026366,nan,850.2528223212772,579.8494965128747
