Eval,CV,Kliep,MKliep,KernelDensity,MKernelDensity
976.00226397631,463.5154976116585,613.9817402006119,nan,805.8590615124089,457.85590181226155
