Eval,CV,Kliep,MKliep,KernelDensity,MKernelDensity
493.4797251161824,463.5154976116585,485.5546534540744,nan,524.7955773068394,502.17475509718037
