Eval,CV,Kliep,MKliep,KernelDensity,MKernelDensity
1212.885372458046,463.5154976116585,771.2425223864598,nan,1035.47574979876,490.18058029519943
