Eval,CV,Kliep,MKliep,KernelDensity,MKernelDensity
664.1026914918364,463.5154976116585,521.4591507116166,nan,595.5304777191182,504.44700818960786
