Eval,CV,Kliep,MKliep,KernelDensity,MKernelDensity
1783.412589542209,1176.7822470634924,1252.0655814835022,nan,1583.7686110055436,1205.6925571453187
