Eval,CV,Kliep,MKliep,KernelDensity,MKernelDensity
1000.9317442451664,1176.7822470634924,1128.3666067341026,nan,1077.4673504228797,1208.3691943729739
