Eval,CV,Kliep,MKliep,KernelDensity,MKernelDensity
1126.7574806438956,1176.7822470634924,1128.3729225602526,nan,1128.8111518335027,1211.0531241998049
