Eval,CV,Kliep,MKliep,KernelDensity,MKernelDensity
1197.9119287640578,1176.7822470634924,1128.9917931465623,nan,1110.6574578847724,1121.2742441132887
