Eval,CV,Kliep,MKliep,KernelDensity,MKernelDensity
1280.9393068907327,1176.7822470634924,1135.6502876257669,nan,1192.5570571698665,1082.8768688155226
