Eval,CV,Kliep,MKliep,KernelDensity,MKernelDensity
1205.962586076965,1176.7822470634924,1157.8207955797434,nan,1218.6851997444546,1184.438181053451
