Eval,CV,Kliep,MKliep,KernelDensity,MKernelDensity
1577.9867190482712,1176.7822470634924,1212.7530991114068,nan,1508.8439247245308,1511.2149288131618
