Eval,CV,Kliep,MKliep,KernelDensity,MKernelDensity
1804.4297511770153,1176.7822470634924,1214.7633444213836,nan,1409.633964652366,1222.7120929654936
