Eval,CV,Kliep,MKliep,KernelDensity,MKernelDensity
2002.4295964128903,1176.7822470634924,1334.2641547017197,nan,1842.310614876124,1325.4227608174099
