Eval,CV,Kliep,MKliep,KernelDensity,MKernelDensity
1501.071516177763,1176.7822470634924,1252.3896284323296,nan,1377.0638040240235,1206.1266062997956
