Eval,CV,Kliep,MKliep,KernelDensity,MKernelDensity
1202.410268832603,1176.7822470634924,1173.2218885571451,nan,1258.5597925248555,1372.190255669588
