Eval,CV,Kliep,MKliep,KernelDensity,MKernelDensity
1211.257586335233,1176.7822470634924,1131.8939073612419,nan,1042.904859779034,1074.8912268768672
