Eval,CV,Kliep,MKliep,KernelDensity,MKernelDensity
1174.5343509665358,1176.7822470634924,1171.694998526853,nan,1244.5641628499739,1210.1846305534361
