Eval,CV,Kliep,MKliep,KernelDensity,MKernelDensity
1644.0862561076594,1176.7822470634924,1201.5984297228424,nan,1377.7759963416825,1059.9916375545224
