Eval,CV,Kliep,MKliep,KernelDensity,MKernelDensity
1706.897849871633,1176.7822470634924,1270.5078498652922,nan,1683.0585774847607,1278.2770986719736
