Eval,CV,Kliep,MKliep,KernelDensity,MKernelDensity
1303.1954897008254,1176.7822470634924,1172.1838098820704,nan,1173.1841615843598,1208.80437656126
