Eval,CV,Kliep,MKliep,KernelDensity,MKernelDensity
1509.7546375720783,1176.7822470634924,1251.796073989448,nan,1478.2943543580946,1160.8432319170433
