Eval,CV,Kliep,MKliep,KernelDensity,MKernelDensity
1778.1970688203924,1176.7822470634924,1242.7264519360294,nan,1503.3021777566805,1209.9150034945685
