Eval,CV,Kliep,MKliep,KernelDensity,MKernelDensity
1675.8856042974455,1176.7822470634924,1240.004831539664,nan,1460.6036961911202,1165.7788618529557
