Eval,CV,Kliep,MKliep,KernelDensity,MKernelDensity
1185.4417608272195,1176.7822470634924,1167.3794147654203,nan,1212.567005276622,1114.9984654840564
