Eval,CV,Kliep,MKliep,KernelDensity,MKernelDensity
784.3572387467486,465.8454030540295,579.6538364302378,nan,792.2027794286689,576.7377071983833
