Eval,CV,Kliep,MKliep,KernelDensity,MKernelDensity
1134.182434161305,465.8454030540295,741.9208106001621,nan,1045.131855013304,636.7587225209265
