Eval,CV,Kliep,MKliep,KernelDensity,MKernelDensity
1560.7600651670778,465.8454030540295,847.5666760428355,nan,1315.1933492767853,684.9298881616726
