Eval,CV,Kliep,MKliep,KernelDensity,MKernelDensity
1277.6387103285804,465.8454030540295,768.8903193613461,nan,1150.1243199722103,546.5554513527328
