Eval,CV,Kliep,MKliep,KernelDensity,MKernelDensity
408.5370320965565,465.8454030540295,453.87735236932104,nan,334.0173015998496,478.2733129844428
