Eval,CV,Kliep,MKliep,KernelDensity,MKernelDensity
1282.0689535707252,465.8454030540295,789.0712595800788,nan,1098.4820287700682,696.9431896552509
