Eval,CV,Kliep,MKliep,KernelDensity,MKernelDensity
854.379850224567,465.8454030540295,628.6237538451973,nan,750.2158102891658,652.3701301134148
