Eval,CV,Kliep,MKliep,KernelDensity,MKernelDensity
914.2837548108251,465.8454030540295,624.4184693833954,nan,813.3159627550644,536.6538690482132
