Eval,CV,Kliep,MKliep,KernelDensity,MKernelDensity
935.9549519687712,465.8454030540295,684.576365403873,nan,846.0523088765052,680.4227360611605
