Eval,CV,Kliep,MKliep,KernelDensity,MKernelDensity
1560.5610554493098,465.8454030540295,849.179102094998,nan,1297.7109273514643,678.1342977071553
