Eval,CV,Kliep,MKliep,KernelDensity,MKernelDensity
1677.7517969748628,465.8454030540295,889.5278983533472,nan,1386.4267554123032,777.0048866896261
