Eval,CV,Kliep,MKliep,KernelDensity,MKernelDensity
788.2405457380305,465.8454030540295,567.1533004317788,nan,703.9395461770708,508.4914483881736
