Eval,CV,Kliep,MKliep,KernelDensity,MKernelDensity
774.6037541965992,465.8454030540295,618.0403723523953,nan,780.2135399221747,552.3207373142362
