Eval,CV,Kliep,MKliep,KernelDensity,MKernelDensity
709.7288820909428,465.8454030540295,559.6160152960634,nan,648.7331318289544,505.7925479746155
