Eval,CV,Kliep,MKliep,KernelDensity,MKernelDensity
898.811946527188,465.8454030540295,619.0536919522211,nan,721.7271168324559,630.1185487625808
