Eval,CV,Kliep,MKliep,KernelDensity,MKernelDensity
501.5820050605816,465.8454030540295,468.0716830727424,nan,520.414003493936,521.6682984568376
