Eval,CV,Kliep,MKliep,KernelDensity,MKernelDensity
926.9153375400368,465.8454030540295,640.5337726147437,nan,890.0895300551751,611.8137832464463
