Eval,CV,Kliep,MKliep,KernelDensity,MKernelDensity
1174.0634608077473,465.8454030540295,752.2984817732528,nan,1054.5780259740536,669.4784725140563
