Eval,CV,Kliep,MKliep,KernelDensity,MKernelDensity
1336.2144293489991,465.8454030540295,804.209645731721,nan,1135.2129913843219,684.4563547496227
