Eval,CV,Kliep,MKliep,KernelDensity,MKernelDensity
832.8902310184789,465.8454030540295,594.1345583933912,nan,817.8794599031631,608.9774313414707
