Eval,CV,Kliep,MKliep,KernelDensity,MKernelDensity
2024.2463262611366,1460.8220152920912,1492.1765093347435,nan,1809.4080499330707,1671.9193053446295
