Eval,CV,Kliep,MKliep,KernelDensity,MKernelDensity
1566.9012560649765,1460.8220152920912,1406.990717571715,nan,1179.5725967104045,1711.4271436608922
