Eval,CV,Kliep,MKliep,KernelDensity,MKernelDensity
1808.481379879538,1460.8220152920912,1402.3568453858124,nan,1507.5354278587618,1663.0016562881247
