Eval,CV,Kliep,MKliep,KernelDensity,MKernelDensity
1747.904506496807,1460.8220152920912,1443.9497303371336,nan,1476.4536335800265,1675.8646333910815
