Eval,CV,Kliep,MKliep,KernelDensity,MKernelDensity
1925.2716291555087,1460.8220152920912,1478.732122726614,nan,1462.3558635525615,1611.251762168258
