Eval,CV,Kliep,MKliep,KernelDensity,MKernelDensity
1749.0909982279215,1460.8220152920912,1486.2537895758837,nan,1480.0196057730084,1814.0085556430056
