Eval,CV,Kliep,MKliep,KernelDensity,MKernelDensity
1583.1373404121473,1460.8220152920912,1434.0009994263455,nan,1291.4977644170428,1631.6323815835021
