Eval,CV,Kliep,MKliep,KernelDensity,MKernelDensity
2503.9844883781343,1460.8220152920912,1531.0154415070042,nan,1924.1828588241076,1564.6752139681928
