Eval,CV,Kliep,MKliep,KernelDensity,MKernelDensity
1534.5245561153051,1460.8220152920912,1424.8595783675044,nan,1488.154363832656,1579.3552277276344
