Eval,CV,Kliep,MKliep,KernelDensity,MKernelDensity
1780.7872209935708,1460.8220152920912,1441.4366739344853,nan,1520.3186753532432,1576.3069352737768
