Eval,CV,Kliep,MKliep,KernelDensity,MKernelDensity
1591.0091872801388,1460.8220152920912,1416.3972428758973,nan,1513.4304845480035,1641.9937069827347
