Eval,CV,Kliep,MKliep,KernelDensity,MKernelDensity
2126.4734806137967,1460.8220152920912,1530.1734923311442,nan,1605.2672881519484,1807.3354694209793
