Eval,CV,Kliep,MKliep,KernelDensity,MKernelDensity
1609.1988845207356,1460.8220152920912,1415.4412833946653,nan,1225.3080256754158,1688.8466059188365
