Eval,CV,Kliep,MKliep,KernelDensity,MKernelDensity
1569.6995859418396,1460.8220152920912,1440.6395010125448,nan,1466.2798933401598,1637.7122175652717
