Eval,CV,Kliep,MKliep,KernelDensity,MKernelDensity
1837.0554548582215,1460.8220152920912,1438.0594907651382,nan,1532.2096837125384,1827.0692798536581
