Eval,CV,Kliep,MKliep,KernelDensity,MKernelDensity
2083.349440960763,1460.8220152920912,1525.0360343980508,nan,1640.5538598127223,1538.9824342678983
