Eval,CV,Kliep,MKliep,KernelDensity,MKernelDensity
1641.5218719158356,1460.8220152920912,1387.3931638497463,nan,1440.14732401684,1337.974081090832
