Eval,CV,Kliep,MKliep,KernelDensity,MKernelDensity
2224.80583608519,1460.8220152920912,1559.872274178539,nan,1906.7015000319293,2013.1141974725886
