Eval,CV,Kliep,MKliep,KernelDensity,MKernelDensity
2207.88959209295,1460.8220152920912,1476.145831335924,nan,1777.6313918053029,1697.263461774089
