Eval,CV,Kliep,MKliep,KernelDensity,MKernelDensity
2162.06417985781,1460.8220152920912,1482.665286810902,nan,1828.87192904578,1884.8408013033916
