Eval,CV,Kliep,MKliep,KernelDensity,MKernelDensity
2230.1436759876965,1439.1449556473456,1508.1627836867926,nan,1848.1652579024992,1453.5216857919163
