Eval,CV,Kliep,MKliep,KernelDensity,MKernelDensity
1671.15288429578,1439.1449556473456,1406.7972469581046,nan,1466.56300789793,1241.4797557306224
