Eval,CV,Kliep,MKliep,KernelDensity,MKernelDensity
1694.3723192600462,1439.1449556473456,1452.0496610670502,nan,1572.913542076811,1525.2777423612713
