Eval,CV,Kliep,MKliep,KernelDensity,MKernelDensity
2010.9947405328976,1439.1449556473456,1490.7747258337993,nan,1690.9369448780358,1330.187773330189
