Eval,CV,Kliep,MKliep,KernelDensity,MKernelDensity
2103.408094025646,1439.1449556473456,1462.2847223240678,nan,1792.6746927864729,1375.8988591840373
