Eval,CV,Kliep,MKliep,KernelDensity,MKernelDensity
1906.707785872853,1439.1449556473456,1471.72113510562,nan,1759.6333777008956,1393.7114688046981
