Eval,CV,Kliep,MKliep,KernelDensity,MKernelDensity
2248.2099958909434,1439.1449556473456,1489.176502320219,nan,1995.3642829254507,1584.056416180284
