Eval,CV,Kliep,MKliep,KernelDensity,MKernelDensity
2049.067479772039,1439.1449556473456,1508.2447531578005,nan,1942.0771205762983,1416.9311410557143
