Eval,CV,Kliep,MKliep,KernelDensity,MKernelDensity
2046.04126032066,1439.1449556473456,1446.3037337451922,nan,1759.3271269598738,1496.8454947325301
