Eval,CV,Kliep,MKliep,KernelDensity,MKernelDensity
1959.2685442757652,1439.1449556473456,1512.7827604645393,nan,1747.7526994949123,1562.0328039209132
