Eval,CV,Kliep,MKliep,KernelDensity,MKernelDensity
1767.0668854239223,1439.1449556473456,1435.09534147468,nan,1674.9041271752546,1160.725940001944
