Eval,CV,Kliep,MKliep,KernelDensity,MKernelDensity
1773.4614498493124,1439.1449556473456,1405.7028309559992,nan,1616.144643401207,1407.4160647850294
