Eval,CV,Kliep,MKliep,KernelDensity,MKernelDensity
1461.0559976230315,1439.1449556473456,1373.1254323770402,nan,1494.884503903909,1259.7767125533985
