Eval,CV,Kliep,MKliep,KernelDensity,MKernelDensity
1738.8678563923559,1439.1449556473456,1449.0421332841222,nan,1425.9420676703492,1424.6917290314989
