Eval,CV,Kliep,MKliep,KernelDensity,MKernelDensity
1137.8117338102977,1439.1449556473456,1338.8344724274245,nan,1374.9779922477494,1342.477689398264
