Eval,CV,Kliep,MKliep,KernelDensity,MKernelDensity
1576.8790658231244,1439.1449556473456,1400.001596965227,nan,1568.1467586266367,1623.1326464787064
