Eval,CV,Kliep,MKliep,KernelDensity,MKernelDensity
1834.4498606711659,1439.1449556473456,1424.076254546525,nan,1629.2978162008453,1481.4495407713341
