Eval,CV,Kliep,MKliep,KernelDensity,MKernelDensity
963.4067308652,1439.1449556473456,1308.9729066901175,nan,1264.1609035549177,1181.7316168172936
