Eval,CV,Kliep,MKliep,KernelDensity,MKernelDensity
1850.6879415837707,1439.1449556473456,1406.4035955400145,nan,1515.4970653130572,1323.9928464591724
