Eval,CV,Kliep,MKliep,KernelDensity,MKernelDensity
2250.0282222617275,1439.1449556473456,1578.555811017816,nan,2016.0270203479517,1355.9636005476243
