Eval,CV,Kliep,MKliep,KernelDensity,MKernelDensity
0.02127659574468085,0.047244094488188976,nan,0.044601407602148604,0.047244094488188976,0.046266168635224265
