Eval,CV,Kliep,MKliep,KernelDensity,MKernelDensity
0.07446808510638298,0.047244094488188976,nan,0.06969136848366385,0.047244094488188976,0.06366101097802797
