Eval,CV,Kliep,MKliep,KernelDensity,MKernelDensity
0.06382978723404255,0.047244094488188976,nan,0.07151049855035167,0.047244094488188976,0.07307030506372938
