Eval,CV,Kliep,MKliep,KernelDensity,MKernelDensity
0.026595744680851064,0.047244094488188976,nan,0.057044515953339925,0.0,0.05412439002147503
