Eval,CV,Kliep,MKliep,KernelDensity,MKernelDensity
0.047872340425531915,0.047244094488188976,nan,0.07494470370055474,0.047244094488188976,0.06768382452333672
