Eval,CV,Kliep,MKliep,KernelDensity,MKernelDensity
0.02127659574468085,0.047244094488188976,nan,0.05514288938167215,0.047244094488188976,0.048576620779816386
