Eval,CV,Kliep,MKliep,KernelDensity,MKernelDensity
0.05851063829787234,0.047244094488188976,nan,0.08427982308844419,0.047244094488188976,0.08744556957059069
