Eval,CV,Kliep,MKliep,KernelDensity,MKernelDensity
0.03723404255319149,0.047244094488188976,nan,0.07130450616063135,0.3196690485149135,0.045721387797675525
