Eval,CV,Kliep,MKliep,KernelDensity,MKernelDensity
0.0425531914893617,0.047244094488188976,nan,0.05222247137302452,0.047244094488188976,0.050380795287135294
