Eval,CV,Kliep,MKliep,KernelDensity,MKernelDensity
0.026595744680851064,0.047244094488188976,nan,0.04114496992199929,0.047244094488188976,0.043832308783634706
