Eval,CV,Kliep,MKliep,KernelDensity,MKernelDensity
0.05851063829787234,0.047244094488188976,nan,0.09216525832742997,0.047244094488188976,0.08001439437982877
