Eval,CV,Kliep,MKliep,KernelDensity,MKernelDensity
0.07446808510638298,0.047244094488188976,nan,0.09856420848542452,0.0,0.08630704091941635
