Eval,CV,Kliep,MKliep,KernelDensity,MKernelDensity
0.0425531914893617,0.047244094488188976,nan,0.04127109679037947,0.0,0.039301679065487316
