Eval,CV,Kliep,MKliep,KernelDensity,MKernelDensity
0.015957446808510637,0.047244094488188976,nan,0.025287722302452978,0.047244094488188976,0.03476735892373461
