Eval,CV,Kliep,MKliep,KernelDensity,MKernelDensity
0.03723404255319149,0.047244094488188976,nan,0.04887081610687469,0.047244094488188976,0.048193252893723955
