Eval,CV,Kliep,MKliep,KernelDensity,MKernelDensity
0.03723404255319149,0.047244094488188976,nan,0.06249965707951083,0.047244094488188976,0.05640354171299577
