Eval,CV,Kliep,MKliep,KernelDensity,MKernelDensity
0.0425531914893617,0.047244094488188976,nan,0.060149817509269225,0.0,0.060150910790052844
