Eval,CV,Kliep,MKliep,KernelDensity,MKernelDensity
0.026595744680851064,0.047244094488188976,nan,0.02243295729735482,0.047244094488188976,0.0390071012225199
