Eval,CV,Kliep,MKliep,KernelDensity,MKernelDensity
0.02127659574468085,0.047244094488188976,nan,0.039663996382189586,0.0,0.0391578637362006
