Eval,CV,Kliep,MKliep,KernelDensity,MKernelDensity
1451.239544953984,1169.3024604160958,1195.6817106763049,nan,1262.1692394142633,1266.4790304401745
