Eval,CV,Kliep,MKliep,KernelDensity,MKernelDensity
930.7645722507002,1169.3024604160958,1116.1461231247517,nan,994.7089115797969,1117.1609121086342
