Eval,CV,Kliep,MKliep,KernelDensity,MKernelDensity
1472.7970035246763,1169.3024604160958,1196.8684245070995,nan,1487.2148682080804,1292.4728523353467
