Eval,CV,Kliep,MKliep,KernelDensity,MKernelDensity
1288.865695802633,1169.3024604160958,1176.6565274498585,nan,1208.0845705348825,1213.3618623543703
