Eval,CV,Kliep,MKliep,KernelDensity,MKernelDensity
1108.0772677096722,1169.3024604160958,1072.7553313843105,nan,1038.865153495311,1191.04391138034
