Eval,CV,Kliep,MKliep,KernelDensity,MKernelDensity
1739.6493220873065,1169.3024604160958,1275.0836394283053,nan,1695.3153230557723,1399.3123869134288
