Eval,CV,Kliep,MKliep,KernelDensity,MKernelDensity
1501.6757748640425,1169.3024604160958,1233.084722139524,nan,1437.0100706712444,1345.8449630243804
