Eval,CV,Kliep,MKliep,KernelDensity,MKernelDensity
1556.0771608493346,1169.3024604160958,1179.5637069874383,nan,1191.6144943670283,1309.968462732563
