Eval,CV,Kliep,MKliep,KernelDensity,MKernelDensity
1585.1533230915743,1169.3024604160958,1263.9881808188557,nan,1467.6875998889984,1228.9861864441805
