Eval,CV,Kliep,MKliep,KernelDensity,MKernelDensity
747.2416322600985,1169.3024604160958,1091.4811056782808,nan,852.9605115611896,1176.4782427155806
