Eval,CV,Kliep,MKliep,KernelDensity,MKernelDensity
1261.3276149956675,1169.3024604160958,1152.2895228732514,nan,1154.6145378014417,1247.735744057746
