Eval,CV,Kliep,MKliep,KernelDensity,MKernelDensity
1685.0829427848857,1169.3024604160958,1219.2414613380936,nan,1277.4564405770982,1244.996081649698
