Eval,CV,Kliep,MKliep,KernelDensity,MKernelDensity
1001.2859794993619,1169.3024604160958,1123.2896708175938,nan,932.0336825767251,1139.2926797561827
