Eval,CV,Kliep,MKliep,KernelDensity,MKernelDensity
2038.4798345670026,1169.3024604160958,1297.8190674539046,nan,1528.3801075067986,1281.3019341751349
