Eval,CV,Kliep,MKliep,KernelDensity,MKernelDensity
1347.120842682537,1169.3024604160958,1130.7245379940612,nan,1158.8716331278085,1172.079302018784
