Eval,CV,Kliep,MKliep,KernelDensity,MKernelDensity
1098.23658232568,1169.3024604160958,1142.2401319040223,nan,1105.2019057843595,1256.5011019619535
