Eval,CV,Kliep,MKliep,KernelDensity,MKernelDensity
1983.1219403243952,1169.3024604160958,1285.1081590657616,nan,1887.0624681829324,1297.604693745873
