Eval,CV,Kliep,MKliep,KernelDensity,MKernelDensity
1304.610259858436,1169.3024604160958,1179.8096753524133,nan,1308.8285392747514,1169.503950510015
