Eval,CV,Kliep,MKliep,KernelDensity,MKernelDensity
1363.7964577702164,1169.3024604160958,1187.8895565339133,nan,1222.5268437578236,1143.942271145122
