Eval,CV,Kliep,MKliep,KernelDensity,MKernelDensity
1492.960681610102,1169.3024604160958,1202.7775654815848,nan,1257.8955726760757,1307.907794753779
