Eval,CV,Kliep,MKliep,KernelDensity,MKernelDensity
0.10344827586206896,0.11914893617021277,0.0813689214486904,0.11420033778120474,0.01931217166518184,0.09883404472674141
