Eval,CV,Kliep,MKliep,KernelDensity,MKernelDensity
0.1206896551724138,0.11914893617021277,0.07010005190929854,0.12050027603668224,0.015353761834593947,0.12077968634655774
