Eval,CV,Kliep,MKliep,KernelDensity,MKernelDensity
0.14655172413793102,0.11914893617021277,0.09499992838234587,0.10944284279898261,0.030303754698020054,0.10277821692999614
