Eval,CV,Kliep,MKliep,KernelDensity,MKernelDensity
0.33620689655172414,0.11914893617021277,0.0602289084724056,0.12149857154857774,0.040920775770751185,0.11955509799090569
