Eval,CV,Kliep,MKliep,KernelDensity,MKernelDensity
0.11206896551724138,0.11914893617021277,0.0854988081617169,0.10305112233842119,0.017132673243878335,0.09194726154433092
