Eval,CV,Kliep,MKliep,KernelDensity,MKernelDensity
0.3879310344827586,0.11914893617021277,0.09313077536390657,0.2179598769658885,0.0970487900279351,0.1593862243381883
