Eval,CV,Kliep,MKliep,KernelDensity,MKernelDensity
0.39655172413793105,0.11914893617021277,0.07607924397011179,0.16549619069170013,0.09324233950198149,0.16292505289699413
