Eval,CV,Kliep,MKliep,KernelDensity,MKernelDensity
0.25,0.11914893617021277,0.14002503387721363,0.16775200292229686,0.07967964776824335,0.1553437337552733
