Eval,CV,Kliep,MKliep,KernelDensity,MKernelDensity
0.2672413793103448,0.11914893617021277,0.1111091782410416,0.12009935692249116,0.03269407921353949,0.1158157318132798
