Eval,CV,Kliep,MKliep,KernelDensity,MKernelDensity
0.3448275862068966,0.11914893617021277,0.11801481131856088,0.1676443566156215,0.056936503395112914,0.161728646785464
