Eval,CV,Kliep,MKliep,KernelDensity,MKernelDensity
0.27586206896551724,0.11914893617021277,0.10551600150449807,0.14227859793856362,0.02434388372921595,0.11543196001237255
