Eval,CV,Kliep,MKliep,KernelDensity,MKernelDensity
0.19827586206896552,0.11914893617021277,0.09867799201667254,0.14556215472642015,0.022475466404853726,0.1466758789883156
