Eval,CV,Kliep,MKliep,KernelDensity,MKernelDensity
0.3620689655172414,0.11914893617021277,0.15018349315475396,0.11925185494381199,0.054589363561754534,0.10714176292760498
