Eval,CV,Kliep,MKliep,KernelDensity,MKernelDensity
0.1896551724137931,0.11914893617021277,0.08744379795297928,0.11891834342401214,0.020031271465671158,0.10580645795031562
