Eval,CV,Kliep,MKliep,KernelDensity,MKernelDensity
0.28448275862068967,0.11914893617021277,0.13635999022669118,0.16658403385187984,0.11574225224887064,0.1639498709673097
