Eval,CV,Kliep,MKliep,KernelDensity,MKernelDensity
0.16379310344827586,0.11914893617021277,0.0606266765726901,0.13530691360222913,0.011202608705699764,0.12222706467111771
