Eval,CV,Kliep,MKliep,KernelDensity,MKernelDensity
0.11206896551724138,0.11914893617021277,0.05886097685832847,0.0831785747797889,0.012090047073778533,0.08367912247612046
