Eval,CV,Kliep,MKliep,KernelDensity,MKernelDensity
0.0603448275862069,0.11914893617021277,0.04963328194004955,0.09737682494715397,0.009305347288314272,0.07246747844603903
