Eval,CV,Kliep,MKliep,KernelDensity,MKernelDensity
0.14655172413793102,0.11914893617021277,0.07873801697428341,0.09859860945596359,0.017304978638098597,0.08748398499187221
