Eval,CV,Kliep,MKliep,KernelDensity,MKernelDensity
0.1896551724137931,0.11914893617021277,0.08772000881866947,0.12027795031271646,0.015103132115270894,0.11589031900606683
