Eval,CV,Kliep,MKliep,KernelDensity,MKernelDensity
2.6691391017613495,1.511322462255194,1.517711120754285,1.5925503303995183,1.5086245797722293,1.592400709318105
