Eval,CV,Kliep,MKliep,KernelDensity,MKernelDensity
4.156582149640087,1.511322462255194,1.7048408541393183,2.1741580572161467,1.5622587084395716,1.7195326076129853
