Eval,CV,Kliep,MKliep,KernelDensity,MKernelDensity
4.90305941297294,1.511322462255194,1.8145250394598715,1.7716092052547172,1.618706179179077,1.8457621536404907
