Eval,CV,Kliep,MKliep,KernelDensity,MKernelDensity
2.2288535795407873,1.511322462255194,1.5580452589664862,1.5612318124259252,1.519289826426868,1.5566245349850611
