Eval,CV,Kliep,MKliep,KernelDensity,MKernelDensity
1.7163662199027059,1.511322462255194,1.4667417989442268,1.4575929276657273,1.4691611823958202,1.4622494581462515
