Eval,CV,Kliep,MKliep,KernelDensity,MKernelDensity
4.427305848445755,1.511322462255194,1.805425084714707,0.9559985602334988,1.6159092009860216,1.8091933437599745
