Eval,CV,Kliep,MKliep,KernelDensity,MKernelDensity
2.813317083233608,1.511322462255194,0.9784763717055279,1.6942398809440273,1.5712329209266758,1.6995614402005275
