Eval,CV,Kliep,MKliep,KernelDensity,MKernelDensity
3.4587346948748228,1.511322462255194,1.810675252548727,1.0160912319253708,1.638045976750393,1.8014985512789181
