Eval,CV,Kliep,MKliep,KernelDensity,MKernelDensity
3.5638371712809693,1.511322462255194,1.7208155345537817,1.0009306570326555,1.5849130816508237,1.7130483693081633
