Eval,CV,Kliep,MKliep,KernelDensity,MKernelDensity
1.590864763463595,1.511322462255194,1.2786034905124024,2.325900809274569,1.3073353829538916,1.2599486227126881
