Eval,CV,Kliep,MKliep,KernelDensity,MKernelDensity
3.0166035292048625,1.511322462255194,1.4852001523135883,0.8657811354251549,1.4772608968672036,1.5560845728935289
