Eval,CV,Kliep,MKliep,KernelDensity,MKernelDensity
1.8509229283138313,1.511322462255194,1.5645068373452384,1.5891609701569391,1.5634875224433125,1.5798709715117925
