Eval,CV,Kliep,MKliep,KernelDensity,MKernelDensity
2.570981519044242,1.511322462255194,1.627427345544502,1.65081148729041,1.5945976244440414,1.6440844600514133
