Eval,CV,Kliep,MKliep,KernelDensity,MKernelDensity
2.222040430173497,1.511322462255194,1.6356306232374769,1.653456741736783,1.5950090819437375,1.648398103530161
