Eval,CV,Kliep,MKliep,KernelDensity,MKernelDensity
2.549920651728917,1.511322462255194,1.501910989439915,1.5696173401583182,1.4953744550110928,1.5638130873255605
