Eval,CV,Kliep,MKliep,KernelDensity,MKernelDensity
2.6229527496063447,1.511322462255194,1.5404172086907264,1.0231820486383107,1.5132807684555747,1.5837413931406679
