Eval,CV,Kliep,MKliep,KernelDensity,MKernelDensity
2.4319368946890427,1.511322462255194,1.526289876327441,1.564291485265318,1.5039884107423271,1.556372666603036
