Eval,CV,Kliep,MKliep,KernelDensity,MKernelDensity
1.455115603508214,1.511322462255194,1.4248196512997202,2.3064549400683796,1.444630347581481,1.407419023669985
