Eval,CV,Kliep,MKliep,KernelDensity,MKernelDensity
3.0317969872371133,1.511322462255194,1.6754067390265504,1.653254439276743,1.5452481216688287,1.6579452330238844
