Eval,CV,Kliep,MKliep,KernelDensity,MKernelDensity
1.579674999736975,1.511322462255194,1.4348043999451694,2.5168078681755923,1.4475171868514376,1.411772522281538
