Eval,CV,Kliep,MKliep,KernelDensity,MKernelDensity
3.3490664952086675,3.528734121564236,nan,3.559302729444928,3.528734121564236,3.6458450111668967
