Eval,CV,Kliep,MKliep,KernelDensity,MKernelDensity
4.652091152462495,3.528734121564236,nan,3.6049740950233278,3.528734121564236,3.6612361191409644
