Eval,CV,Kliep,MKliep,KernelDensity,MKernelDensity
3.7692865461166356,3.528734121564236,nan,3.9311450390846976,3.528734121564236,4.161099259888282
