Eval,CV,Kliep,MKliep,KernelDensity,MKernelDensity
4.4757119959838505,3.528734121564236,nan,4.183481479376933,3.528734121564236,4.177907307058507
