Eval,CV,Kliep,MKliep,KernelDensity,MKernelDensity
0.07865168539325842,0.24719101123595505,0.36378941006619847,0.2748365720179419,0.319078947368421,0.2561401442877688
