Eval,CV,Kliep,MKliep,KernelDensity,MKernelDensity
0.1348314606741573,0.24719101123595505,0.3511523197168024,0.32712596067211397,0.28935185185185186,0.2979406827952522
