Eval,CV,Kliep,MKliep,KernelDensity,MKernelDensity
0.2247191011235955,0.24719101123595505,0.4220579408999576,0.4632993074736472,0.3735795454545454,0.4457732432522622
