Eval,CV,Kliep,MKliep,KernelDensity,MKernelDensity
0.29213483146067415,0.24719101123595505,0.4034414761803206,0.4769677115744649,0.3467741935483871,0.4669597778512438
