Eval,CV,Kliep,MKliep,KernelDensity,MKernelDensity
0.0449438202247191,0.24719101123595505,0.3616619809198351,0.21028856418917166,0.5000000000000001,0.1974186842456896
