Eval,CV,Kliep,MKliep,KernelDensity,MKernelDensity
0.14606741573033707,0.24719101123595505,0.3950305734103574,0.37841189067800923,0.3614864864864864,0.34276667941664496
