Eval,CV,Kliep,MKliep,KernelDensity,MKernelDensity
0.23595505617977527,0.24719101123595505,0.39305957913396306,0.45496051119598324,0.30823863636363635,0.4274046536933954
