Eval,CV,Kliep,MKliep,KernelDensity,MKernelDensity
0.1348314606741573,0.24719101123595505,0.39265041842470744,0.35820443178276584,0.3474999999999999,0.318687274662077
