Eval,CV,Kliep,MKliep,KernelDensity,MKernelDensity
0.23595505617977527,0.24719101123595505,0.42233806472690555,0.4106940204100524,0.39236111111111094,0.3873342203892814
