Eval,CV,Kliep,MKliep,KernelDensity,MKernelDensity
0.2696629213483146,0.24719101123595505,0.4108423781699738,0.4392980424875572,0.3736111111111111,0.4120906826076476
