Eval,CV,Kliep,MKliep,KernelDensity,MKernelDensity
0.19101123595505617,0.24719101123595505,0.40341113260978767,0.5005691625660744,0.3225,0.46252584914448713
