Eval,CV,Kliep,MKliep,KernelDensity,MKernelDensity
0.20224719101123595,0.24719101123595505,0.41103307325646454,0.4632529500877403,0.3366477272727271,0.43861517051157056
