Eval,CV,Kliep,MKliep,KernelDensity,MKernelDensity
0.12359550561797752,0.24719101123595505,0.33822945832270046,0.2479642976866015,0.41015625,0.24945618592948504
