Eval,CV,Kliep,MKliep,KernelDensity,MKernelDensity
0.1348314606741573,0.24719101123595505,0.4071743485299518,0.413251222454271,0.3460365853658537,0.44878295826017967
