Eval,CV,Kliep,MKliep,KernelDensity,MKernelDensity
0.19101123595505617,0.24719101123595505,0.3547549098934571,0.31998424658343844,0.29427083333333337,0.292314723211242
