Eval,CV,Kliep,MKliep,KernelDensity,MKernelDensity
0.24719101123595505,0.24719101123595505,0.4292912017276716,0.4740847108251304,0.35085227272727265,0.46234118306987304
