Eval,CV,Kliep,MKliep,KernelDensity,MKernelDensity
0.1348314606741573,0.24719101123595505,0.3762205752480424,0.29687934602161975,0.3014705882352941,0.27828169959864585
