Eval,CV,Kliep,MKliep,KernelDensity,MKernelDensity
0.12359550561797752,0.24719101123595505,0.3164929812602672,0.23861964545926284,0.23913043478260876,0.23290043033169758
