Eval,CV,Kliep,MKliep,KernelDensity,MKernelDensity
0.10112359550561797,0.24719101123595505,0.3857778320842996,0.32912895880291493,0.45913461538461525,0.3089494113117624
