Eval,CV,Kliep,MKliep,KernelDensity,MKernelDensity
0.11235955056179775,0.24719101123595505,0.3292795811328714,0.21865350945496334,0.34374999999999994,0.20567009244437082
