Eval,CV,Kliep,MKliep,KernelDensity,MKernelDensity
0.6393358850302342,0.5119871123419694,nan,0.4915890370139175,0.5285127826009015,0.5099156651096209
