Eval,CV,Kliep,MKliep,KernelDensity,MKernelDensity
1.1246533600904405,0.5119871123419694,nan,0.49531946954070144,0.7892795044482841,0.5019531518463782
