Eval,CV,Kliep,MKliep,KernelDensity,MKernelDensity
1.332944816532823,0.5119871123419694,nan,0.5022324338865826,0.8450680984302598,0.4923892383814033
