Eval,CV,Kliep,MKliep,KernelDensity,MKernelDensity
0.712002945160881,0.5119871123419694,nan,0.530570503378086,0.6314326823387512,0.5298769777291233
