Eval,CV,Kliep,MKliep,KernelDensity,MKernelDensity
0.9241826818094988,0.5119871123419694,nan,0.5277650633422163,0.7060769119480276,0.514424759509558
