Eval,CV,Kliep,MKliep,KernelDensity,MKernelDensity
0.7259219530445223,0.5119871123419694,nan,0.5054945696689521,0.7175684466449782,0.5118409026523075
