Eval,CV,Kliep,MKliep,KernelDensity,MKernelDensity
0.8087284214807378,0.5119871123419694,nan,0.4837582063610708,0.5700486518987216,0.4990514875421228
