Eval,CV,Kliep,MKliep,KernelDensity,MKernelDensity
0.8729086194281958,0.5119871123419694,nan,0.5136575109457904,0.6812946764610789,0.5142633917905562
