Eval,CV,Kliep,MKliep,KernelDensity,MKernelDensity
1.0647541194782575,0.5119871123419694,nan,0.5151387640866198,0.7542923996023286,0.5085622592410987
