Eval,CV,Kliep,MKliep,KernelDensity,MKernelDensity
1.1106078078151616,0.5119871123419694,nan,0.5129064922758265,0.7421459282631795,0.5116161013162357
