Eval,CV,Kliep,MKliep,KernelDensity,MKernelDensity
1.4206754061759446,0.5119871123419694,0.5651860338553732,0.49735649811568394,0.8102992667749015,0.4882722969334608
