Eval,CV,Kliep,MKliep,KernelDensity,MKernelDensity
0.9883182419963401,0.5119871123419694,0.5621357706472356,0.4979337641902459,0.6978663808369242,0.4957414378940448
