Eval,CV,Kliep,MKliep,KernelDensity,MKernelDensity
1.248152697365211,0.5119871123419694,nan,0.4812222131499853,0.755840414643273,0.4805237907632281
