Eval,CV,Kliep,MKliep,KernelDensity,MKernelDensity
0.7175213233820176,0.5119871123419694,nan,0.5383322367455793,0.6205653264967752,0.5153967624129527
