Eval,CV,Kliep,MKliep,KernelDensity,MKernelDensity
1.1791517616491545,0.5119871123419694,0.6038155180199516,0.5005480141715004,0.7717490061850194,0.49857017432173856
