Eval,CV,Kliep,MKliep,KernelDensity,MKernelDensity
0.9503167862925872,0.5119871123419694,nan,0.4971801831887036,0.6376577229826754,0.5056608850818713
