Eval,CV,Kliep,MKliep,KernelDensity,MKernelDensity
1.1494547904452186,0.5119871123419694,nan,0.5178091089254127,0.8729618422418114,0.5139393241965415
