Eval,CV,Kliep,MKliep,KernelDensity,MKernelDensity
0.9231194402040338,0.5119871123419694,nan,0.5171615820936172,0.7100883206008654,0.5119764247564202
