Eval,CV,Kliep,MKliep,KernelDensity,MKernelDensity
1.1509586636283282,0.5119871123419694,0.5655909561163925,0.49754914319818966,0.7799274854673175,0.4946004898261832
