Eval,CV,Kliep,MKliep,KernelDensity,MKernelDensity
1.6070206194879004,0.5119871123419694,nan,0.49148750332113056,0.7872796351100492,0.4788226139673082
