Eval,CV,Kliep,MKliep,KernelDensity,MKernelDensity
0.3707865168539326,0.15168539325842698,0.2500323785095575,0.29452890860539066,0.19027777777777768,0.2966031210759014
