Eval,CV,Kliep,MKliep,KernelDensity,MKernelDensity
0.20224719101123595,0.15168539325842698,0.22731776472590406,0.18588920152299185,0.27857142857142847,0.182783086146525
