Eval,CV,Kliep,MKliep,KernelDensity,MKernelDensity
0.21348314606741572,0.15168539325842698,0.22547617716065982,0.18568043698293035,0.2312499999999999,0.17861738212500522
