Eval,CV,Kliep,MKliep,KernelDensity,MKernelDensity
0.15730337078651685,0.15168539325842698,0.22134002264178249,0.15958853252803296,0.3794871794871792,0.16664659381439895
