Eval,CV,Kliep,MKliep,KernelDensity,MKernelDensity
0.2696629213483146,0.15168539325842698,0.2386354216728295,0.20198398939300272,0.21388888888888882,0.1948282004587295
