Eval,CV,Kliep,MKliep,KernelDensity,MKernelDensity
0.33707865168539325,0.15168539325842698,0.25164073268931364,0.2832510672060439,0.16969696969696968,0.2880017805786077
