Eval,CV,Kliep,MKliep,KernelDensity,MKernelDensity
0.34831460674157305,0.15168539325842698,0.2538361414282621,0.33175995158087596,0.22791666666666663,0.325245777538388
