Eval,CV,Kliep,MKliep,KernelDensity,MKernelDensity
0.2696629213483146,0.15168539325842698,0.2353697326032448,0.26871654629948616,0.22447916666666656,0.2659766530878237
