Eval,CV,Kliep,MKliep,KernelDensity,MKernelDensity
0.3146067415730337,0.15168539325842698,0.23465109338874046,0.2036008510849329,0.34871794871794864,0.2012194708920506
