Eval,CV,Kliep,MKliep,KernelDensity,MKernelDensity
0.14606741573033707,0.15168539325842698,0.21492383415269573,0.15036901572866274,0.2357142857142857,0.15199280339367505
