Eval,CV,Kliep,MKliep,KernelDensity,MKernelDensity
0.2696629213483146,0.15168539325842698,0.26323149603749874,0.31984489358948,0.2619047619047617,0.31292421070464344
