Eval,CV,Kliep,MKliep,KernelDensity,MKernelDensity
0.34831460674157305,0.15168539325842698,0.2347486563796038,0.20576004797269065,0.24222222222222226,0.20324785166861586
