Eval,CV,Kliep,MKliep,KernelDensity,MKernelDensity
0.3146067415730337,0.15168539325842698,0.25892412871445,0.18654395356905856,0.28968253968253965,0.1874194892727589
