Eval,CV,Kliep,MKliep,KernelDensity,MKernelDensity
0.34831460674157305,0.15168539325842698,0.23317219494574914,0.22769606697011607,0.1956521739130435,0.221880750061904
