Eval,CV,Kliep,MKliep,KernelDensity,MKernelDensity
0.33707865168539325,0.15168539325842698,0.23894805447703302,0.2756036096026221,0.18035714285714285,0.2722631817727666
