Eval,CV,Kliep,MKliep,KernelDensity,MKernelDensity
0.2247191011235955,0.15168539325842698,0.2063279816355402,0.18039814996670375,0.29444444444444445,0.1749501461692545
