Eval,CV,Kliep,MKliep,KernelDensity,MKernelDensity
0.3258426966292135,0.15168539325842698,0.22731986721433708,0.22419572368402457,0.18888888888888888,0.22367263096749324
