Eval,CV,Kliep,MKliep,KernelDensity,MKernelDensity
0.3146067415730337,0.15168539325842698,0.26123015152283596,0.30064802603972146,0.2874999999999998,0.2968312849268036
