Eval,CV,Kliep,MKliep,KernelDensity,MKernelDensity
0.42696629213483145,0.15168539325842698,0.24838696583284328,0.3259061053052067,0.2756756756756756,0.319544950416022
