Eval,CV,Kliep,MKliep,KernelDensity,MKernelDensity
0.3258426966292135,0.15168539325842698,0.24056018588814598,0.24439159608036276,0.25,0.24392910774946577
