Eval,CV,Kliep,MKliep,KernelDensity,MKernelDensity
0.17391304347826086,0.22302158273381295,0.2284165467281181,0.21766295749941136,0.23647498260572397,0.2642917024567153
