Eval,CV,Kliep,MKliep,KernelDensity,MKernelDensity
0.2898550724637681,0.22302158273381295,0.21862330497129887,0.2544264433872231,0.27733805992248795,0.24100775824470588
