Eval,CV,Kliep,MKliep,KernelDensity,MKernelDensity
0.2028985507246377,0.22302158273381295,0.21010331942280386,0.24968099463986043,0.1879783812820286,0.2658200851312574
