Eval,CV,Kliep,MKliep,KernelDensity,MKernelDensity
0.3188405797101449,0.22302158273381295,0.20517677923772729,0.2832650054399206,0.19536221825318886,0.27804142954078764
