Eval,CV,Kliep,MKliep,KernelDensity,MKernelDensity
0.2463768115942029,0.22302158273381295,0.23975443540512686,0.2358204367098068,0.27814629335219365,0.2658154883292304
