Eval,CV,Kliep,MKliep,KernelDensity,MKernelDensity
0.3188405797101449,0.22302158273381295,0.2613642971980796,0.22272181464728957,0.3174207220205506,0.261618629327122
