Eval,CV,Kliep,MKliep,KernelDensity,MKernelDensity
0.15942028985507245,0.22302158273381295,0.2109279883642179,0.25130667857040473,0.21584120678135463,0.24339532182773413
