Eval,CV,Kliep,MKliep,KernelDensity,MKernelDensity
0.3333333333333333,0.22302158273381295,0.1997334535574479,0.2491705855942393,0.1429815916482341,0.24920460276225376
