Eval,CV,Kliep,MKliep,KernelDensity,MKernelDensity
0.2753623188405797,0.22302158273381295,0.2156783523686234,0.29506769076189404,0.22487333165664852,0.26597112603977424
