Eval,CV,Kliep,MKliep,KernelDensity,MKernelDensity
0.391304347826087,0.22302158273381295,0.21763876886062825,0.27930162899593913,0.2724663813126672,0.29283727569377843
