Eval,CV,Kliep,MKliep,KernelDensity,MKernelDensity
0.3188405797101449,0.22302158273381295,0.1946773559802375,0.25046403757981667,0.1646897873221854,0.2373858493250113
