Eval,CV,Kliep,MKliep,KernelDensity,MKernelDensity
0.37681159420289856,0.22302158273381295,0.2556203722186894,0.3330458900541385,0.3696722059763203,0.28751410289343976
