Eval,CV,Kliep,MKliep,KernelDensity,MKernelDensity
0.2463768115942029,0.22302158273381295,0.2126455557210859,0.19318184554811213,0.21306371499286278,0.2255649433736399
