Eval,CV,Kliep,MKliep,KernelDensity,MKernelDensity
0.4492753623188406,0.22302158273381295,0.22887695611496595,0.2634153744846623,0.24686495370311612,0.2659116342405566
