Eval,CV,Kliep,MKliep,KernelDensity,MKernelDensity
0.36231884057971014,0.22302158273381295,0.22674592788685055,0.20916751958977833,0.2357653944516967,0.2270182891938589
