Eval,CV,Kliep,MKliep,KernelDensity,MKernelDensity
0.391304347826087,0.22302158273381295,0.19963524137273947,0.2408408288295657,0.19377626617679652,0.2534921687867269
