Eval,CV,Kliep,MKliep,KernelDensity,MKernelDensity
0.30434782608695654,0.22302158273381295,0.190534154114331,0.26531104731634714,0.1900498813883426,0.26956115105433526
