Eval,CV,Kliep,MKliep,KernelDensity,MKernelDensity
0.30434782608695654,0.22302158273381295,0.2305739029527142,0.22019844164257354,0.2840536619712493,0.2553647114927608
