Eval,CV,Kliep,MKliep,KernelDensity,MKernelDensity
0.2028985507246377,0.22302158273381295,0.24171513361620994,0.22306135228672783,0.1983027600543012,0.2347882603644768
