Eval,CV,Kliep,MKliep,KernelDensity,MKernelDensity
0.2318840579710145,0.22302158273381295,0.21268286456701543,0.2764021200291895,0.19654164280237618,0.26604570768184427
