Eval,CV,Kliep,MKliep,KernelDensity,MKernelDensity
2.4376989289654714,1.5184448419050776,1.1057520563051608,1.6263036175907395,1.5895432529358076,1.6227892459147089
