Eval,CV,Kliep,MKliep,KernelDensity,MKernelDensity
2.139942091078107,1.5184448419050776,1.5357662734526587,1.5572245978357855,1.5236005981595322,1.5596898636523913
