Eval,CV,Kliep,MKliep,KernelDensity,MKernelDensity
2.091589002223011,1.5184448419050776,1.6113621599994614,0.8882195649297633,1.6051862390163958,1.6675870880227084
