Eval,CV,Kliep,MKliep,KernelDensity,MKernelDensity
1.6841679261640614,1.5184448419050776,1.5340979098228793,1.5391262669243218,1.5313555066028601,1.5418653303548588
