Eval,CV,Kliep,MKliep,KernelDensity,MKernelDensity
3.582697334682941,1.5184448419050776,1.614259701214395,1.7330194063230508,1.5755252091408358,1.7226237778502258
