Eval,CV,Kliep,MKliep,KernelDensity,MKernelDensity
2.7503570246156333,1.5184448419050776,1.6593292492013325,0.9800099287308274,1.612852226172802,1.7440235236993105
