Eval,CV,Kliep,MKliep,KernelDensity,MKernelDensity
1.9307967986263463,1.5184448419050776,1.6149167589017013,0.8723815037797508,1.5869470598737714,1.6675414769111558
