Eval,CV,Kliep,MKliep,KernelDensity,MKernelDensity
1.791841273818537,1.5184448419050776,1.4394017344719643,1.5825937376650305,1.5688258504214097,1.5918625562903945
