Eval,CV,Kliep,MKliep,KernelDensity,MKernelDensity
1.4286599674546065,1.5184448419050776,1.4847169385403591,2.336941276614599,1.4887075889863086,1.4954117420634772
