Eval,CV,Kliep,MKliep,KernelDensity,MKernelDensity
2.072586445949761,1.5184448419050776,0.9942691606388858,1.6625880091054388,1.5952390908510157,1.6668402180024473
