Eval,CV,Kliep,MKliep,KernelDensity,MKernelDensity
4.6341782661534765,1.5184448419050776,1.783497586245531,2.2767332825407927,1.5756491729347644,1.8318775707605504
