Eval,CV,Kliep,MKliep,KernelDensity,MKernelDensity
2.6701499383062166,1.5184448419050776,1.4709381478403394,0.9629089953330728,1.4675804091426556,1.5321045658925592
