Eval,CV,Kliep,MKliep,KernelDensity,MKernelDensity
2.8231730668040855,1.5184448419050776,1.4881005349578647,1.5637916209805263,1.4777268310758698,1.5799663062758016
