Eval,CV,Kliep,MKliep,KernelDensity,MKernelDensity
2.467253669224375,1.5184448419050776,1.4300109945652453,1.4753890250361008,1.4366479367177891,1.488536425038842
