Eval,CV,Kliep,MKliep,KernelDensity,MKernelDensity
2.147369297989177,1.5184448419050776,1.5164922380535342,1.535944259644931,1.5017033682440968,1.537453689932651
