Eval,CV,Kliep,MKliep,KernelDensity,MKernelDensity
2.2026063492227888,1.5184448419050776,1.0923295440233407,1.567386719050594,1.532878979102215,1.5683978790226119
