Eval,CV,Kliep,MKliep,KernelDensity,MKernelDensity
2.8460349514263172,1.5184448419050776,1.8132899714577768,0.843574075780854,1.6339297153027692,1.7703231448322658
