Eval,CV,Kliep,MKliep,KernelDensity,MKernelDensity
3.8115469107381066,1.5184448419050776,1.6481079260954312,2.126144972079408,1.5909272125209475,1.7738018963112296
