Eval,CV,Kliep,MKliep,KernelDensity,MKernelDensity
2.1375992891620186,1.5184448419050776,1.6254106557714716,1.1476445352685953,1.6054211800934053,1.6422232211441348
