Eval,CV,Kliep,MKliep,KernelDensity,MKernelDensity
2.0317021181727055,1.5184448419050776,1.523415660794199,2.311671034204649,1.515750731294198,1.5789045600936737
