Eval,CV,Kliep,MKliep,KernelDensity,MKernelDensity
0.2318840579710145,0.2302158273381295,0.2670315023966502,0.3085941626881719,0.3150413691683639,0.3091533637452316
