Eval,CV,Kliep,MKliep,KernelDensity,MKernelDensity
0.2608695652173913,0.2302158273381295,0.21229395978368018,0.27914781407728706,0.16968819237510216,0.2611831070251072
