Eval,CV,Kliep,MKliep,KernelDensity,MKernelDensity
0.2318840579710145,0.2302158273381295,0.28032888444109516,0.29545586011988445,0.2625069470852309,0.29677303541205674
