Eval,CV,Kliep,MKliep,KernelDensity,MKernelDensity
0.3333333333333333,0.2302158273381295,0.231423980558545,0.27207296355392097,0.1804751387103408,0.2879989637760889
