Eval,CV,Kliep,MKliep,KernelDensity,MKernelDensity
0.18840579710144928,0.2302158273381295,0.22329667323002478,0.26649077796503345,0.15316857781101134,0.26366355614941994
