Eval,CV,Kliep,MKliep,KernelDensity,MKernelDensity
0.15942028985507245,0.2302158273381295,0.2673529319412168,0.2767637280031599,0.23818449178159115,0.26435675724269364
