Eval,CV,Kliep,MKliep,KernelDensity,MKernelDensity
0.2608695652173913,0.2302158273381295,0.22155344180999548,0.2773643876036997,0.20156773464150152,0.29000044769192673
