Eval,CV,Kliep,MKliep,KernelDensity,MKernelDensity
0.30434782608695654,0.2302158273381295,0.2155216611344137,0.2660856576586736,0.163853745682635,0.26720182970974815
