Eval,CV,Kliep,MKliep,KernelDensity,MKernelDensity
0.2753623188405797,0.2302158273381295,0.2633118649859519,0.2930541356881126,0.1983432167644653,0.29312471719119715
