Eval,CV,Kliep,MKliep,KernelDensity,MKernelDensity
0.2318840579710145,0.2302158273381295,0.26662731968499953,0.3499270159967712,0.2953860880385495,0.30583152129305724
