Eval,CV,Kliep,MKliep,KernelDensity,MKernelDensity
0.2898550724637681,0.2302158273381295,0.20853984989779645,0.31185702607396437,0.14227474342580493,0.28725054719181514
