Eval,CV,Kliep,MKliep,KernelDensity,MKernelDensity
0.2608695652173913,0.2302158273381295,0.2266203643466995,0.27348332779377355,0.1701621624718711,0.26556846625102126
