Eval,CV,Kliep,MKliep,KernelDensity,MKernelDensity
0.2753623188405797,0.2302158273381295,0.24380910080201398,0.27518761509296974,0.19892905703616506,0.27523232621764676
