Eval,CV,Kliep,MKliep,KernelDensity,MKernelDensity
0.2463768115942029,0.2302158273381295,0.21591356304566434,0.3222394444132774,0.21560877451020152,0.3151620955479592
