Eval,CV,Kliep,MKliep,KernelDensity,MKernelDensity
0.18840579710144928,0.2302158273381295,0.2177582766476568,0.2812584789162269,0.14708651241008475,0.2558154102333196
