Eval,CV,Kliep,MKliep,KernelDensity,MKernelDensity
0.3333333333333333,0.2302158273381295,0.2747165506503284,0.31138421223814994,0.2577498535082745,0.3143112368251444
