Eval,CV,Kliep,MKliep,KernelDensity,MKernelDensity
0.17391304347826086,0.2302158273381295,0.2107858649903868,0.2967996848680406,0.11599112848628734,0.27709445930869814
