Eval,CV,Kliep,MKliep,KernelDensity,MKernelDensity
0.2753623188405797,0.2302158273381295,0.21071616772590362,0.29758058191840325,0.1831209996817429,0.3022560215570562
