Eval,CV,Kliep,MKliep,KernelDensity,MKernelDensity
0.3188405797101449,0.2302158273381295,0.2372455152882859,0.2914144650635821,0.1668273983494096,0.27455905807249115
