Eval,CV,Kliep,MKliep,KernelDensity,MKernelDensity
0.30434782608695654,0.2302158273381295,0.2528202060408067,0.3413931656483848,0.22998777168194076,0.29521058035683906
