Eval,CV,Kliep,MKliep,KernelDensity,MKernelDensity
0.1810344827586207,0.1574468085106383,0.10361587301142076,0.15766044979306626,0.05748258677484224,0.13641171463270257
