Eval,CV,Kliep,MKliep,KernelDensity,MKernelDensity
0.1810344827586207,0.1574468085106383,0.15376327081794655,0.23805050795565225,0.1194317655487812,0.19868047753645685
