Eval,CV,Kliep,MKliep,KernelDensity,MKernelDensity
0.0603448275862069,0.1574468085106383,0.061048561665509996,0.11597589967699139,0.03457547901989065,0.1035503006345662
