Eval,CV,Kliep,MKliep,KernelDensity,MKernelDensity
0.0603448275862069,0.1574468085106383,0.060363611067871276,0.12173170875024704,0.03874292080270067,0.1205547070848659
