Eval,CV,Kliep,MKliep,KernelDensity,MKernelDensity
0.02586206896551724,0.1574468085106383,0.07988130715589893,0.10649120547912273,0.03445762252192282,0.10732265336603225
