Eval,CV,Kliep,MKliep,KernelDensity,MKernelDensity
0.15517241379310345,0.1574468085106383,0.0829787085526479,0.18225325838696715,0.07090808652837628,0.1559913101816826
