Eval,CV,Kliep,MKliep,KernelDensity,MKernelDensity
0.14655172413793102,0.1574468085106383,0.18138447066305657,0.21123971912565678,0.08564558236983646,0.17085886237490652
