Eval,CV,Kliep,MKliep,KernelDensity,MKernelDensity
0.21551724137931033,0.1574468085106383,0.10944572841774984,0.2008493353252799,0.07389831830322491,0.17962909057228732
