Eval,CV,Kliep,MKliep,KernelDensity,MKernelDensity
0.11206896551724138,0.1574468085106383,0.08298203246381236,0.17935287260197869,0.03024214343559315,0.12008941059919764
