Eval,CV,Kliep,MKliep,KernelDensity,MKernelDensity
0.12931034482758622,0.1574468085106383,0.06227745124537706,0.22291241647718113,0.08591207261576791,0.186685540592264
