Eval,CV,Kliep,MKliep,KernelDensity,MKernelDensity
0.25862068965517243,0.1574468085106383,0.1628927729646645,0.24241736619826926,0.17330980344254818,0.18528080575406483
