Eval,CV,Kliep,MKliep,KernelDensity,MKernelDensity
0.017241379310344827,0.1574468085106383,0.0590785259945972,0.08388764260274563,0.02208722136560104,0.07765022385574506
