Eval,CV,Kliep,MKliep,KernelDensity,MKernelDensity
0.02586206896551724,0.1574468085106383,0.05635127958894412,0.11163943144269954,0.026309027759965242,0.09074697866934905
