Eval,CV,Kliep,MKliep,KernelDensity,MKernelDensity
0.12931034482758622,0.1574468085106383,0.10464404277401665,0.16632653363512323,0.04432509127492499,0.14884655133279395
