Eval,CV,Kliep,MKliep,KernelDensity,MKernelDensity
0.07758620689655173,0.1574468085106383,0.057414606840163696,0.16268114870804742,0.0359052775242653,0.13555529667752683
