Eval,CV,Kliep,MKliep,KernelDensity,MKernelDensity
0.02586206896551724,0.1574468085106383,0.06522283856729812,0.10681482793120849,0.027264998155959504,0.10042678912491858
