Eval,CV,Kliep,MKliep,KernelDensity,MKernelDensity
0.1810344827586207,0.1574468085106383,0.1615857197755374,0.27878928130747904,0.14719921990110701,0.22734267773105094
