Eval,CV,Kliep,MKliep,KernelDensity,MKernelDensity
0.04310344827586207,0.1574468085106383,0.06992633090502154,0.1155330360605882,0.02130769686468251,0.11134918528832836
