Eval,CV,Kliep,MKliep,KernelDensity,MKernelDensity
0.1724137931034483,0.1574468085106383,0.1356389958303892,0.19084365856703414,0.07527483498423865,0.17513354027360595
