Eval,CV,Kliep,MKliep,KernelDensity,MKernelDensity
0.16379310344827586,0.1574468085106383,0.08984149574816969,0.18952651198948614,0.047056965608106294,0.15444922532086608
